"rank","id","title","company","location","work_mode","role_family","fit_score","fit_band","source","apply_url","posted_date","employment_type","salary","skills_matched","fit_reasons","gaps"
"1","gh-affirm-7708925003","Software Engineer II, Backend (Merchant Advocacy)","Affirm","Remote US","Remote","Software & QA","99","Strong","Employer Greenhouse board","https://job-boards.greenhouse.io/affirm/jobs/7708925003","2026-06-15","Check listing","Not listed","python|java|sql|backend|software|Python|Java|SQL|Excel|AWS","Software & QA title aligns with the target job families.|Resume overlap: python, java, sql, backend, software.|Technical overlap: Python, Java, SQL, Excel, AWS.|Explicit USA-remote listing appears compatible with living in New Orleans.","Posting references up to 3 years of experience; compare the exact requirement."
"2","gh-affirm-7764113003","Capital Operations Analyst","Affirm","Remote US","Remote","Operations & Process","99","Strong","Employer Greenhouse board","https://job-boards.greenhouse.io/affirm/jobs/7764113003","2026-06-11","Check listing","$90,000 - $110,000","operations|process|workflow|efficiency|documentation|reporting|coordination|planning|Python|SQL","Operations & Process title aligns with the target job families.|Resume overlap: operations, process, workflow, efficiency, documentation.|Technical overlap: Python, SQL, Excel, automation.|Explicit USA-remote listing appears compatible with living in New Orleans.","Verify exact years, degree requirements, and state eligibility on the live application."
"3","gh-affirm-7749755003","Software Engineer II, Backend (Capital Orchestration)","Affirm","Remote US","Remote","Software & QA","99","Strong","Employer Greenhouse board","https://job-boards.greenhouse.io/affirm/jobs/7749755003","2026-06-11","Check listing","$ 165,000 - 225,000","python|java|javascript|sql|backend|testing|software|Python|Java|JavaScript","Software & QA title aligns with the target job families.|Resume overlap: python, java, javascript, sql, backend.|Technical overlap: Python, Java, JavaScript, SQL.|Explicit USA-remote listing appears compatible with living in New Orleans.","Posting references up to 5 years of experience."
"4","gh-affirm-7724227003","Strategic Finance Analyst II (Revenue)","Affirm","Remote US","Remote","Data & Analytics","99","Strong","Employer Greenhouse board","https://job-boards.greenhouse.io/affirm/jobs/7724227003","2026-06-03","Check listing","$115,000 - $165,000","sql|excel|dashboard|reporting|analytics|metrics|insights|Python|SQL|Excel","Data & Analytics title aligns with the target job families.|Resume overlap: sql, excel, dashboard, reporting, analytics.|Technical overlap: Python, SQL, Excel, dashboards.|Explicit USA-remote listing appears compatible with living in New Orleans.","Verify exact years, degree requirements, and state eligibility on the live application."
"5","gh-algolia-5834932004","Customer Success Engineer","Algolia","Remote - United States","Remote","Customer & Implementation","99","Strong","Employer Greenhouse board","https://job-boards.greenhouse.io/algolia/jobs/5834932004","2026-06-12","Check listing","Not listed","customer|client|implementation|onboarding|support|communication|training|adoption|service|Python","Customer & Implementation title aligns with the target job families.|Resume overlap: customer, client, implementation, onboarding, support.|Technical overlap: Python, Java, JavaScript, Excel.|Explicit USA-remote listing appears compatible with living in New Orleans.","Verify exact years, degree requirements, and state eligibility on the live application."
"6","jobicy-146123","Insurance Specialist","Community Health Systems","USA - Remote","Remote","Administration & Coordination","99","Strong","Jobicy","https://jobicy.com/jobs/146123-insurance-specialist","2026-06-10","Full-Time","Not listed","documentation|records|compliance|microsoft office|Excel","Administration & Coordination title aligns with the target job families.|Resume overlap: documentation, records, compliance, microsoft office.|Technical overlap: Excel.|Seniority appears compatible with early-career graduate experience.","Verify exact years, degree requirements, and state eligibility on the live application."
"7","jobicy-146318","CPC Processor I Customer Support","Datavant","USA - Remote","Remote","Customer & Implementation","99","Strong","Jobicy","https://jobicy.com/jobs/146318-cpc-processor-i-customer-support","2026-06-12","Full-Time","USD 30000-30000 yearly","customer|client|support|communication|training|service|Excel","Customer & Implementation title aligns with the target job families.|Resume overlap: customer, client, support, communication, training.|Technical overlap: Excel.|Explicit USA-remote listing appears compatible with living in New Orleans.","Verify exact years, degree requirements, and state eligibility on the live application."
"8","gh-gitlab-8550268002","Customer Success Engineer - West","GitLab","Remote, US","Remote","Customer & Implementation","99","Strong","Employer Greenhouse board","https://job-boards.greenhouse.io/gitlab/jobs/8550268002","2026-06-05","Check listing","Not listed","customer|implementation|support|training|adoption|service","Customer & Implementation title aligns with the target job families.|Resume overlap: customer, implementation, support, training, adoption.|Explicit USA-remote listing appears compatible with living in New Orleans.","Verify exact years, degree requirements, and state eligibility on the live application."
"9","gh-gitlab-8523640002","Executive Assistant","GitLab","Remote, US","Remote","Administration & Coordination","99","Strong","Employer Greenhouse board","https://job-boards.greenhouse.io/gitlab/jobs/8523640002","2026-06-05","Check listing","Not listed","coordination|documentation|reporting|stakeholder|scheduling|compliance","Administration & Coordination title aligns with the target job families.|Resume overlap: coordination, documentation, reporting, stakeholder, scheduling.|Explicit USA-remote listing appears compatible with living in New Orleans.","Verify exact years, degree requirements, and state eligibility on the live application."
"10","gh-instacart-8001105","Trust & Safety Specialist, Law Enforcement Response","Instacart","United States - Remote","Remote","Administration & Coordination","99","Strong","Employer Greenhouse board","https://instacart.careers/job/?gh_jid=8001105","2026-06-12","Check listing","Not listed","documentation|records|stakeholder|compliance|SQL|Excel|AWS","Administration & Coordination title aligns with the target job families.|Resume overlap: documentation, records, stakeholder, compliance.|Technical overlap: SQL, Excel, AWS.|Seniority appears compatible with early-career graduate experience.","Verify exact years, degree requirements, and state eligibility on the live application."
"11","gh-instacart-7809318","Strategic Finance Analyst, Ads Product Finance","Instacart","United States - Remote","Remote","Data & Analytics","99","Strong","Employer Greenhouse board","https://instacart.careers/job/?gh_jid=7809318","2026-05-29","Check listing","Not listed","sql|excel|dashboard|reporting|insights|SQL|Excel|dashboards|automation","Data & Analytics title aligns with the target job families.|Resume overlap: sql, excel, dashboard, reporting, insights.|Technical overlap: SQL, Excel, dashboards, automation.|Explicit USA-remote listing appears compatible with living in New Orleans.","Verify exact years, degree requirements, and state eligibility on the live application."
"12","jobicy-146472","SEO Analyst (Fully Remote)","PadSplit","USA - Remote","Remote","Data & Analytics","99","Strong","Jobicy","https://jobicy.com/jobs/146472-seo-analyst-fully-remote","2026-06-14","Full-Time","Not listed","sql|excel|reporting|analytics|insights|SQL|Excel","Data & Analytics title aligns with the target job families.|Resume overlap: sql, excel, reporting, analytics, insights.|Technical overlap: SQL, Excel.|Explicit USA-remote listing appears compatible with living in New Orleans.","Verify exact years, degree requirements, and state eligibility on the live application."
"13","gh-pagerduty-6007769004","Deal Desk Specialist","PagerDuty","Remote (USA)","Remote","Administration & Coordination","99","Strong","Employer Greenhouse board","https://job-boards.greenhouse.io/pagerduty/jobs/6007769004","2026-06-15","Check listing","$75,000.00 - $113,300.00","documentation|reporting|microsoft office|Excel|AWS|automation","Administration & Coordination title aligns with the target job families.|Resume overlap: documentation, reporting, microsoft office.|Technical overlap: Excel, AWS, automation.|Seniority appears compatible with early-career graduate experience.","Verify exact years, degree requirements, and state eligibility on the live application."
"14","gh-reddit-7958354","Analytics Engineer","Reddit","Remote - United States","Remote","Data & Analytics","99","Strong","Employer Greenhouse board","https://job-boards.greenhouse.io/reddit/jobs/7958354","2026-06-15","Check listing","Not listed","sql|excel|dashboard|reporting|analytics|data model|database|Python|SQL|Excel","Data & Analytics title aligns with the target job families.|Resume overlap: sql, excel, dashboard, reporting, analytics.|Technical overlap: Python, SQL, Excel, data modeling, dashboards, automation.|Explicit USA-remote listing appears compatible with living in New Orleans.","Posting references up to 4 years of experience; compare the exact requirement."
"15","gh-samsara-7859406","Data Engineer II","Samsara","Remote - US","Remote","Data & Analytics","99","Strong","Employer Greenhouse board","https://www.samsara.com/company/careers/roles/7859406?gh_jid=7859406","2026-06-11","Check listing","Not listed","sql|excel|reporting|analytics|data model|database|insights|Python|SQL|Excel","Data & Analytics title aligns with the target job families.|Resume overlap: sql, excel, reporting, analytics, data model.|Technical overlap: Python, SQL, Excel, CRM, data modeling, automation.|Explicit USA-remote listing appears compatible with living in New Orleans.","Posting references up to 3 years of experience; compare the exact requirement."
"16","gh-samsara-7742566","Enterprise Implementation Consultant","Samsara","Remote - US","Remote","Customer & Implementation","99","Strong","Employer Greenhouse board","https://www.samsara.com/company/careers/roles/7742566?gh_jid=7742566","2026-06-11","Check listing","Not listed","customer|implementation|onboarding|support|communication|training|adoption|service|Excel","Customer & Implementation title aligns with the target job families.|Resume overlap: customer, implementation, onboarding, support, communication.|Technical overlap: Excel.|Explicit USA-remote listing appears compatible with living in New Orleans.","Posting references up to 4 years of experience; compare the exact requirement."
"17","gh-samsara-7826401","Enterprise Implementation Consultant - Public Sector","Samsara","Remote - US","Remote","Customer & Implementation","99","Strong","Employer Greenhouse board","https://www.samsara.com/company/careers/roles/7826401?gh_jid=7826401","2026-06-11","Check listing","Not listed","customer|implementation|onboarding|support|communication|training|adoption|service|Excel","Customer & Implementation title aligns with the target job families.|Resume overlap: customer, implementation, onboarding, support, communication.|Technical overlap: Excel.|Explicit USA-remote listing appears compatible with living in New Orleans.","Posting references up to 4 years of experience; compare the exact requirement."
"18","gh-samsara-7866517","Implementation Consultant","Samsara","Remote - US","Remote","Customer & Implementation","99","Strong","Employer Greenhouse board","https://www.samsara.com/company/careers/roles/7866517?gh_jid=7866517","2026-06-11","Check listing","Not listed","customer|implementation|onboarding|support|communication|training|adoption|service|Excel","Customer & Implementation title aligns with the target job families.|Resume overlap: customer, implementation, onboarding, support, communication.|Technical overlap: Excel.|Explicit USA-remote listing appears compatible with living in New Orleans.","Posting references up to 4 years of experience; compare the exact requirement."
"19","gh-samsara-7610288","Solutions Integration Engineer","Samsara","Remote - US","Remote","Software & QA","99","Strong","Employer Greenhouse board","https://www.samsara.com/company/careers/roles/7610288?gh_jid=7610288","2026-06-11","Check listing","Not listed","python|java|javascript|sql|automation|git|Python|Java|JavaScript|SQL","Software & QA title aligns with the target job families.|Resume overlap: python, java, javascript, sql, automation.|Technical overlap: Python, Java, JavaScript, SQL, AWS, Azure.|Explicit USA-remote listing appears compatible with living in New Orleans.","Posting references up to 5 years of experience."
"20","gh-samsara-7775532","Solutions Integration Engineer IV","Samsara","Remote - US","Remote","Software & QA","99","Strong","Employer Greenhouse board","https://www.samsara.com/company/careers/roles/7775532?gh_jid=7775532","2026-06-11","Check listing","Not listed","python|sql|rest api|automation|git|software|Python|SQL|Excel|Power BI","Software & QA title aligns with the target job families.|Resume overlap: python, sql, rest api, automation, git.|Technical overlap: Python, SQL, Excel, Power BI, AWS, Azure.|Explicit USA-remote listing appears compatible with living in New Orleans.","Posting references up to 7 years of experience."
"21","gh-samsara-7266206","Installation Specialist","Samsara","Remote - US","Remote","Administration & Coordination","99","Strong","Employer Greenhouse board","https://www.samsara.com/company/careers/roles/7266206?gh_jid=7266206","2026-06-09","Check listing","Not listed","coordination|documentation|stakeholder|compliance|Excel|automation","Administration & Coordination title aligns with the target job families.|Resume overlap: coordination, documentation, stakeholder, compliance.|Technical overlap: Excel, automation.|Seniority appears compatible with early-career graduate experience.","Posting references up to 4 years of experience; compare the exact requirement."
"22","gh-samsara-7717258","Sales Engineer 4 - Associate Specialist","Samsara","Remote - US","Remote","Administration & Coordination","99","Strong","Employer Greenhouse board","https://www.samsara.com/company/careers/roles/7717258?gh_jid=7717258","2026-06-09","Check listing","Not listed","stakeholder|compliance|Python|Excel","Administration & Coordination title aligns with the target job families.|Resume overlap: stakeholder, compliance.|Technical overlap: Python, Excel.|Seniority appears compatible with early-career graduate experience.","Verify exact years, degree requirements, and state eligibility on the live application."
"23","gh-stripe-7739207","Sales Compensation Analytics & Systems Specialist","Stripe","CHI, SF, NYC, SEA, US Remote","Remote","Data & Analytics","99","Strong","Employer Greenhouse board","https://stripe.com/jobs/search?gh_jid=7739207","2026-06-10","Check listing","Not listed","excel|dashboard|reporting|analytics|Excel|dashboards","Data & Analytics title aligns with the target job families.|Resume overlap: excel, dashboard, reporting, analytics.|Technical overlap: Excel, dashboards.|Seniority appears compatible with early-career graduate experience.","Posting references up to 4 years of experience; compare the exact requirement."
"24","jobicy-146383","BSA Specialist – Special Risk","Synovus","USA - Remote","Remote","Administration & Coordination","99","Strong","Jobicy","https://jobicy.com/jobs/146383-bsa-specialist-special-risk","2026-06-13","Full-Time","Not listed","documentation|reporting|compliance|microsoft office|Excel|AWS","Administration & Coordination title aligns with the target job families.|Resume overlap: documentation, reporting, compliance, microsoft office.|Technical overlap: Excel, AWS.|Seniority appears compatible with early-career graduate experience.","Verify exact years, degree requirements, and state eligibility on the live application."
"25","jobicy-146255","Payment Operations Specialist","TripleTen","USA - Remote","Remote","Operations & Process","99","Strong","Jobicy","https://jobicy.com/jobs/146255-payment-operations-specialist","2026-06-12","Part-Time","Not listed","operations|process|workflow|efficiency|documentation|reporting|coordination|continuous improvement|Excel|CRM","Operations & Process title aligns with the target job families.|Resume overlap: operations, process, workflow, efficiency, documentation.|Technical overlap: Excel, CRM, automation.|Seniority appears compatible with early-career graduate experience.","Verify exact years, degree requirements, and state eligibility on the live application."
"26","gh-twilio-7923207","Marketing Analyst, PLG & Self-Serve Analytics","Twilio","Remote - US","Remote","Data & Analytics","99","Strong","Employer Greenhouse board","https://job-boards.greenhouse.io/twilio/jobs/7923207","2026-06-12","Check listing","$96,640 - $120,800","sql|dashboard|reporting|analytics|metrics|insights|Python|SQL|dashboards","Data & Analytics title aligns with the target job families.|Resume overlap: sql, dashboard, reporting, analytics, metrics.|Technical overlap: Python, SQL, dashboards.|Explicit USA-remote listing appears compatible with living in New Orleans.","Verify exact years, degree requirements, and state eligibility on the live application."
"27","gh-twilio-7697439","Social Media Specialist","Twilio","Remote - US","Remote","Content & Creative Technology","99","Strong","Employer Greenhouse board","https://job-boards.greenhouse.io/twilio/jobs/7697439","2026-06-12","Check listing","Not listed","content|editorial|video|media|communications|audience|creative","Content & Creative Technology title aligns with the target job families.|Resume overlap: content, editorial, video, media, communications.|Seniority appears compatible with early-career graduate experience.|Explicit USA-remote listing appears compatible with living in New Orleans.","Verify exact years, degree requirements, and state eligibility on the live application."
"28","gh-twilio-7661919","Software Engineer - Video","Twilio","Remote - US","Remote","Software & QA","99","Strong","Employer Greenhouse board","https://job-boards.greenhouse.io/twilio/jobs/7661919","2026-06-12","Check listing","$114,600 - $143,300","java|sql|backend|testing|git|software|Java|SQL|Excel|AWS","Software & QA title aligns with the target job families.|Resume overlap: java, sql, backend, testing, git.|Technical overlap: Java, SQL, Excel, AWS, Azure, technical documentation.|Explicit USA-remote listing appears compatible with living in New Orleans.","Posting references up to 3 years of experience; compare the exact requirement."
"29","gh-twilio-7188174","Software Engineer (L2)","Twilio","Remote - US","Remote","Software & QA","99","Strong","Employer Greenhouse board","https://job-boards.greenhouse.io/twilio/jobs/7188174","2026-06-12","Check listing","$116,960 - 146,200","java|sql|automation|testing|software|Java|SQL|Excel|AWS","Software & QA title aligns with the target job families.|Resume overlap: java, sql, automation, testing, software.|Technical overlap: Java, SQL, Excel, AWS, automation.|Explicit USA-remote listing appears compatible with living in New Orleans.","Posting references up to 3 years of experience; compare the exact requirement."
"30","gh-twilio-7767263","Software Engineer (L2) Segment Team","Twilio","Remote - US","Remote","Software & QA","99","Strong","Employer Greenhouse board","https://job-boards.greenhouse.io/twilio/jobs/7767263","2026-06-12","Check listing","$116,960.00 to $146,200.00","python|java|sql|backend|software|Python|Java|SQL|Excel|AWS","Software & QA title aligns with the target job families.|Resume overlap: python, java, sql, backend, software.|Technical overlap: Python, Java, SQL, Excel, AWS.|Explicit USA-remote listing appears compatible with living in New Orleans.","Verify exact years, degree requirements, and state eligibility on the live application."
"31","jobicy-146193","Data Quality Specialist","University of Colorado","USA - Remote","Remote","Administration & Coordination","99","Strong","Jobicy","https://jobicy.com/jobs/146193-data-quality-specialist","2026-06-11","Full-Time","USD 53843-53843 yearly","administration|documentation|records|microsoft office|Excel|AWS|CRM","Administration & Coordination title aligns with the target job families.|Resume overlap: administration, documentation, records, microsoft office.|Technical overlap: Excel, AWS, CRM.|Seniority appears compatible with early-career graduate experience.","Verify exact years, degree requirements, and state eligibility on the live application."
"32","gh-vercel-5430088004","Software Engineer, Backend","Vercel","Remote - United States","Remote","Software & QA","99","Strong","Employer Greenhouse board","https://job-boards.greenhouse.io/vercel/jobs/5430088004","2026-06-01","Check listing","$196,000-$294,000","java|javascript|sql|rest api|backend|software|Java|JavaScript|SQL|Excel","Software & QA title aligns with the target job families.|Resume overlap: java, javascript, sql, rest api, backend.|Technical overlap: Java, JavaScript, SQL, Excel, Active Directory, AWS.|Explicit USA-remote listing appears compatible with living in New Orleans.","Verify exact years, degree requirements, and state eligibility on the live application."
"33","jobicy-146330","Customer Support Specialist III","Wrapbook","Canada, USA - Remote","Remote","Customer & Implementation","99","Strong","Jobicy","https://jobicy.com/jobs/146330-customer-support-specialist-iii-2","2026-06-12","Full-Time","USD 52000-83400 yearly","customer|client|support|communication|training|service|Excel|automation","Customer & Implementation title aligns with the target job families.|Resume overlap: customer, client, support, communication, training.|Technical overlap: Excel, automation.|Seniority appears compatible with early-career graduate experience.","Verify exact years, degree requirements, and state eligibility on the live application."
"34","gh-affirm-7533759003","Analyst II, Full Stack (Fraud Analytics)","Affirm","Remote US","Remote","Data & Analytics","98","Strong","Employer Greenhouse board","https://job-boards.greenhouse.io/affirm/jobs/7533759003","2026-06-08","Check listing","$145,000 - $205,000","sql|dashboard|analytics|metrics|insights|Python|SQL|dashboards","Data & Analytics title aligns with the target job families.|Resume overlap: sql, dashboard, analytics, metrics, insights.|Technical overlap: Python, SQL, dashboards.|Explicit USA-remote listing appears compatible with living in New Orleans.","Posting references up to 4 years of experience; compare the exact requirement."
"35","gh-samsara-7640343","Enablement Business Partner – Customer Success","Samsara","Remote - US","Remote","Customer & Implementation","98","Strong","Employer Greenhouse board","https://www.samsara.com/company/careers/roles/7640343?gh_jid=7640343","2026-06-11","Check listing","Not listed","customer|support|communication|training|adoption|service|Excel","Customer & Implementation title aligns with the target job families.|Resume overlap: customer, support, communication, training, adoption.|Technical overlap: Excel.|Explicit USA-remote listing appears compatible with living in New Orleans.","Posting references up to 4 years of experience; compare the exact requirement."
"36","gh-affirm-7764035003","Analyst II, Full Stack (Credit Analytics)","Affirm","Remote US","Remote","Data & Analytics","97","Strong","Employer Greenhouse board","https://job-boards.greenhouse.io/affirm/jobs/7764035003","2026-06-10","Check listing","$145,000 - $205,000","sql|analytics|metrics|insights|Python|SQL","Data & Analytics title aligns with the target job families.|Resume overlap: sql, analytics, metrics, insights.|Technical overlap: Python, SQL.|Explicit USA-remote listing appears compatible with living in New Orleans.","Verify exact years, degree requirements, and state eligibility on the live application."
"37","remotive-2090942","Customer Operations & Writing Specialist","Clerky, Inc.","Worldwide - Remote","Remote","Operations & Process","97","Strong","Remotive","https://remotive.com/remote-jobs/customer-service/customer-operations-writing-specialist-2090942","2026-06-02","full_time","$12K","operations|process|Excel","Operations & Process title aligns with the target job families.|Resume overlap: operations, process.|Technical overlap: Excel.|Seniority appears compatible with early-career graduate experience.","Verify exact years, degree requirements, and state eligibility on the live application."
"38","gh-samsara-7723776","Partner Specialist SE - Public Sector","Samsara","Remote - US","Remote","Administration & Coordination","97","Strong","Employer Greenhouse board","https://www.samsara.com/company/careers/roles/7723776?gh_jid=7723776","2026-06-11","Check listing","Not listed","stakeholder|compliance|Excel","Administration & Coordination title aligns with the target job families.|Resume overlap: stakeholder, compliance.|Technical overlap: Excel.|Seniority appears compatible with early-career graduate experience.","Verify exact years, degree requirements, and state eligibility on the live application."
"39","gh-reddit-7895468","Fullstack Software Engineer, Notifications Lifecycle","Reddit","Remote - United States","Remote","Software & QA","96","Strong","Employer Greenhouse board","https://job-boards.greenhouse.io/reddit/jobs/7895468","2026-05-21","Check listing","Not listed","python|sql|backend|testing|software|Python|SQL","Software & QA title aligns with the target job families.|Resume overlap: python, sql, backend, testing, software.|Technical overlap: Python, SQL.|Explicit USA-remote listing appears compatible with living in New Orleans.","Posting references up to 3 years of experience; compare the exact requirement."
"40","gh-reddit-6469397","Software Engineer, Ads","Reddit","Remote - United States","Remote","Software & QA","96","Strong","Employer Greenhouse board","https://job-boards.greenhouse.io/reddit/jobs/6469397","2026-05-18","Check listing","Not listed","python|java|backend|software|Python|Java|Excel|dashboards","Software & QA title aligns with the target job families.|Resume overlap: python, java, backend, software.|Technical overlap: Python, Java, Excel, dashboards.|Explicit USA-remote listing appears compatible with living in New Orleans.","Posting references up to 3 years of experience; compare the exact requirement."
"41","jobicy-146143","Customer Delivery Specialist – Payments","CSG","USA - Remote","Remote","Project & Program","95","Strong","Jobicy","https://jobicy.com/jobs/146143-customer-delivery-specialist-payments","2026-06-10","Full-Time","USD 46203-73923 yearly","project|implementation|workflow|process|delivery|Excel|CRM","Project & Program title aligns with the target job families.|Resume overlap: project, implementation, workflow, process, delivery.|Technical overlap: Excel, CRM.|Seniority appears compatible with early-career graduate experience.","Posting references up to 5 years of experience."
"42","gh-reddit-7997866","Software Engineer - Data Movement Platform","Reddit","Remote - United States","Remote","Cloud & Infrastructure","95","Strong","Employer Greenhouse board","https://job-boards.greenhouse.io/reddit/jobs/7997866","2026-06-12","Check listing","Not listed","cloud|infrastructure|monitoring|Python|Java|Excel","Cloud & Infrastructure title aligns with the target job families.|Resume overlap: cloud, infrastructure, monitoring.|Technical overlap: Python, Java, Excel.|Explicit USA-remote listing appears compatible with living in New Orleans.","Verify exact years, degree requirements, and state eligibility on the live application."
"43","gh-samsara-7950044","Strategic Implementation Consultant - Public Sector","Samsara","Remote - US","Remote","Customer & Implementation","95","Strong","Employer Greenhouse board","https://www.samsara.com/company/careers/roles/7950044?gh_jid=7950044","2026-06-15","Check listing","Not listed","customer|implementation|onboarding|support|communication|training|adoption|service|Excel","Customer & Implementation title aligns with the target job families.|Resume overlap: customer, implementation, onboarding, support, communication.|Technical overlap: Excel.|Explicit USA-remote listing appears compatible with living in New Orleans.","Posting references up to 6 years of experience."
"44","gh-samsara-7961278","Solutions Integration Engineer II","Samsara","Remote - US","Remote","Software & QA","95","Strong","Employer Greenhouse board","https://www.samsara.com/company/careers/roles/7961278?gh_jid=7961278","2026-06-12","Check listing","Not listed","python|java|javascript|automation|git|Python|Java|JavaScript|AWS|Azure","Software & QA title aligns with the target job families.|Resume overlap: python, java, javascript, automation, git.|Technical overlap: Python, Java, JavaScript, AWS, Azure, automation.|Explicit USA-remote listing appears compatible with living in New Orleans.","Posting references up to 5 years of experience."
"45","gh-samsara-8001262","Enterprise Select Implementation Consultant","Samsara","Remote - US","Remote","Customer & Implementation","95","Strong","Employer Greenhouse board","https://www.samsara.com/company/careers/roles/8001262?gh_jid=8001262","2026-06-11","Check listing","Not listed","customer|implementation|onboarding|support|communication|training|adoption|service|Excel","Customer & Implementation title aligns with the target job families.|Resume overlap: customer, implementation, onboarding, support, communication.|Technical overlap: Excel.|Explicit USA-remote listing appears compatible with living in New Orleans.","Posting references up to 6 years of experience."
"46","gh-stripe-7913410","Fraud Patterns Analyst","Stripe","US-Remote","Remote","Data & Analytics","95","Strong","Employer Greenhouse board","https://stripe.com/jobs/search?gh_jid=7913410","2026-06-05","Check listing","Not listed","sql|dashboard|analytics|Python|SQL|dashboards","Data & Analytics title aligns with the target job families.|Resume overlap: sql, dashboard, analytics.|Technical overlap: Python, SQL, dashboards.|Explicit USA-remote listing appears compatible with living in New Orleans.","Verify exact years, degree requirements, and state eligibility on the live application."
"47","gh-affirm-7726627003","Analyst II, Full Stack (Core Analytics)","Affirm","Remote US","Remote","Data & Analytics","94","Strong","Employer Greenhouse board","https://job-boards.greenhouse.io/affirm/jobs/7726627003","2026-06-08","Check listing","$145,000 - $205,000","sql|analytics|data model|metrics|insights|SQL","Data & Analytics title aligns with the target job families.|Resume overlap: sql, analytics, data model, metrics, insights.|Technical overlap: SQL.|Explicit USA-remote listing appears compatible with living in New Orleans.","Posting references up to 3 years of experience; compare the exact requirement."
"48","jobicy-146120","FinOps Business Analyst","AllCloud","USA - Remote","Remote","Data & Analytics","94","Strong","Jobicy","https://jobicy.com/jobs/146120-finops-business-analyst","2026-06-10","Full-Time","Not listed","sql|excel|reporting|Python|SQL|Excel|AWS|Azure|automation","Data & Analytics title aligns with the target job families.|Resume overlap: sql, excel, reporting.|Technical overlap: Python, SQL, Excel, AWS, Azure, automation.|Explicit USA-remote listing appears compatible with living in New Orleans.","Posting references up to 3 years of experience; compare the exact requirement."
"49","gh-affirm-7713575003","Quality Assurance Specialist II","Affirm","Remote US","Remote","Administration & Coordination","93","Strong","Employer Greenhouse board","https://job-boards.greenhouse.io/affirm/jobs/7713575003","2026-06-08","Check listing","$90,000 - $110,000","records|reporting|stakeholder|compliance|dashboards|automation","Administration & Coordination title aligns with the target job families.|Resume overlap: records, reporting, stakeholder, compliance.|Technical overlap: dashboards, automation.|Seniority appears compatible with early-career graduate experience.","Posting references up to 5 years of experience."
"50","gh-airtable-8582568002","Delivery Consultant","Airtable","New York, NY; Remote - US","Remote","Project & Program","93","Strong","Employer Greenhouse board","https://job-boards.greenhouse.io/airtable/jobs/8582568002","2026-06-08","Check listing","Not listed","implementation|stakeholder|workflow|process|coordination|delivery|AWS|data modeling|automation","Project & Program title aligns with the target job families.|Resume overlap: implementation, stakeholder, workflow, process, coordination.|Technical overlap: AWS, data modeling, automation.|Explicit USA-remote listing appears compatible with living in New Orleans.","Posting references up to 5 years of experience."
"51","jobicy-146204","Social Content Videographer ( 12 month Fixed Term Contract)","Canva","USA - Remote","Remote","Content & Creative Technology","93","Strong","Jobicy","https://jobicy.com/jobs/146204-social-content-videographer-12-month-fixed-term-contract","2026-06-11","Contract","Not listed","content|video|audience|creative|AWS","Content & Creative Technology title aligns with the target job families.|Resume overlap: content, video, audience, creative.|Technical overlap: AWS.|Explicit USA-remote listing appears compatible with living in New Orleans.","Verify exact years, degree requirements, and state eligibility on the live application."
"52","gh-instacart-4995818","Fraud & Identity Specialist (Contract)","Instacart","United States - Remote","Remote","IT & Systems","93","Strong","Employer Greenhouse board","https://instacart.careers/job/?gh_jid=4995818","2026-05-18","Check listing","Not listed","support|Excel","IT & Systems title aligns with the target job families.|Resume overlap: support.|Technical overlap: Excel.|Seniority appears compatible with early-career graduate experience.","Verify exact years, degree requirements, and state eligibility on the live application."
"53","gh-launchdarkly-7753776003","Security Analyst - Governance, Risk, and Compliance","LaunchDarkly","Remote - US","Remote","Data & Analytics","93","Strong","Employer Greenhouse board","https://job-boards.greenhouse.io/launchdarkly/jobs/7753776003","2026-06-12","Check listing","$136,500 - 187,660","excel|metrics|insights|Excel|AWS","Data & Analytics title aligns with the target job families.|Resume overlap: excel, metrics, insights.|Technical overlap: Excel, AWS.|Explicit USA-remote listing appears compatible with living in New Orleans.","Verify exact years, degree requirements, and state eligibility on the live application."
"54","entergy-1398695000","Project Controls Specialist","Entergy","New Orleans, Louisiana, United States","New Orleans","Project & Program","92","Strong","Entergy careers","https://jobs.entergy.com/job/New-Orleans-Project-Controls-Specialist-Loui/1398695000/","","Engineering","Not listed","project","Project & Program title aligns with the target job families.|Resume overlap: project.|Seniority appears compatible with early-career graduate experience.|In-person location is New Orleans.","Verify exact years, degree requirements, and state eligibility on the live application."
"55","tulane-1082","NCAA Compliance Analyst I","Tulane University","New Orleans, LA, United States","New Orleans","Administration & Coordination","92","Strong","Tulane University careers","https://tulane-ibqejb.fa.ocs.oraclecloud.com/hcmUI/CandidateExperience/en/sites/CX_1/job/1082","2026-06-15","On-site","Not listed","compliance","Administration & Coordination title aligns with the target job families.|Resume overlap: compliance.|Seniority appears compatible with early-career graduate experience.|In-person location is New Orleans.","Verify exact years, degree requirements, and state eligibility on the live application."
"56","tulane-1023","Application Support Specialist III","Tulane University","New Orleans, LA, United States","New Orleans","IT & Systems","92","Strong","Tulane University careers","https://tulane-ibqejb.fa.ocs.oraclecloud.com/hcmUI/CandidateExperience/en/sites/CX_1/job/1023","2026-06-10","On-site","Not listed","support","IT & Systems title aligns with the target job families.|Resume overlap: support.|Seniority appears compatible with early-career graduate experience.|In-person location is New Orleans.","Verify exact years, degree requirements, and state eligibility on the live application."
"57","tulane-985","Systems Specialist I","Tulane University","New Orleans, LA, United States","New Orleans","IT & Systems","92","Strong","Tulane University careers","https://tulane-ibqejb.fa.ocs.oraclecloud.com/hcmUI/CandidateExperience/en/sites/CX_1/job/985","2026-06-01","On-site","Not listed","systems","IT & Systems title aligns with the target job families.|Resume overlap: systems.|Seniority appears compatible with early-career graduate experience.|In-person location is New Orleans.","Verify exact years, degree requirements, and state eligibility on the live application."
"58","tulane-825","Program Specialist","Tulane University","New Orleans, LA, United States","New Orleans","Project & Program","92","Strong","Tulane University careers","https://tulane-ibqejb.fa.ocs.oraclecloud.com/hcmUI/CandidateExperience/en/sites/CX_1/job/825","2026-05-12","On-site","Not listed","program","Project & Program title aligns with the target job families.|Resume overlap: program.|Seniority appears compatible with early-career graduate experience.|In-person location is New Orleans.","Verify exact years, degree requirements, and state eligibility on the live application."
"59","gh-amplitude-8575936002","Customer Data Scientist","Amplitude","Remote - USA","Remote","Data & Analytics","91","Strong","Employer Greenhouse board","https://job-boards.greenhouse.io/amplitude/jobs/8575936002","2026-06-02","Check listing","Not listed","sql|excel|analytics|data model|insights|Python|SQL|Excel|data modeling","Data & Analytics title aligns with the target job families.|Resume overlap: sql, excel, analytics, data model, insights.|Technical overlap: Python, SQL, Excel, data modeling.|Explicit USA-remote listing appears compatible with living in New Orleans.","Posting references up to 5 years of experience."
"60","gh-gitlab-8504232002","Site Reliability Engineer, Environment Automation","GitLab","Remote, Canada; Remote, US","Remote","Cloud & Infrastructure","91","Strong","Employer Greenhouse board","https://job-boards.greenhouse.io/gitlab/jobs/8504232002","2026-06-05","Check listing","Not listed","cloud|infrastructure|security|automation","Cloud & Infrastructure title aligns with the target job families.|Resume overlap: cloud, infrastructure, security.|Technical overlap: automation.|Explicit USA-remote listing appears compatible with living in New Orleans.","Verify exact years, degree requirements, and state eligibility on the live application."
"61","gh-stripe-7550154","Android Engineer, Terminal Developer Productivity","Stripe","San Francisco, Seattle, Remote in US","Remote","Software & QA","91","Strong","Employer Greenhouse board","https://stripe.com/jobs/search?gh_jid=7550154","2026-06-05","Check listing","Not listed","java|backend|automation|testing|git|software|Java","Software & QA title aligns with the target job families.|Resume overlap: java, backend, automation, testing, git.|Technical overlap: Java, automation.|Explicit USA-remote listing appears compatible with living in New Orleans.","Posting references up to 6 years of experience."
"62","jobicy-146324","Customer Experience Specialist","Quince","USA - Remote","Remote","Administration & Coordination","90","Strong","Jobicy","https://jobicy.com/jobs/146324-customer-experience-specialist-4","2026-06-12","Full-Time","USD 46000-46000 yearly","compliance|Excel|AWS|automation","Administration & Coordination title aligns with the target job families.|Resume overlap: compliance.|Technical overlap: Excel, AWS, automation.|Seniority appears compatible with early-career graduate experience.","Posting references up to 4 years of experience; compare the exact requirement."
"63","gh-databricks-8569496002","Lakebase Sales Specialist-Manufacturing","Databricks","Remote - California; Remote - Colorado; Remote - Texas; United States","Remote","Administration & Coordination","89","Strong","Employer Greenhouse board","https://databricks.com/company/careers/open-positions/job?gh_jid=8569496002","2026-06-15","Check listing","Not listed","stakeholder|compliance|SQL|Excel|AWS|Azure","Administration & Coordination title aligns with the target job families.|Resume overlap: stakeholder, compliance.|Technical overlap: SQL, Excel, AWS, Azure.|Seniority appears compatible with early-career graduate experience.","Posting references up to 7 years of experience."
"64","gh-stripe-7697973","Risk Strategist, Onboarding and Compliance","Stripe","Chicago, US-Remote, Toronto","Remote","Customer & Implementation","89","Strong","Employer Greenhouse board","https://stripe.com/jobs/search?gh_jid=7697973","2026-06-05","Check listing","Not listed","customer|onboarding|support|communication|service|SQL|Excel|AWS","Customer & Implementation title aligns with the target job families.|Resume overlap: customer, onboarding, support, communication, service.|Technical overlap: SQL, Excel, AWS.|Explicit USA-remote listing appears compatible with living in New Orleans.","Posting references up to 5 years of experience."
"65","gh-stripe-7979393","Security Analyst, Bug Bounty","Stripe","Remote, North America","Remote","Data & Analytics","89","Strong","Employer Greenhouse board","https://stripe.com/jobs/search?gh_jid=7979393","2026-06-05","Check listing","Not listed","excel|Python|Excel|AWS|automation","Data & Analytics title aligns with the target job families.|Resume overlap: excel.|Technical overlap: Python, Excel, AWS, automation.|Explicit USA-remote listing appears compatible with living in New Orleans.","Verify exact years, degree requirements, and state eligibility on the live application."
"66","gh-calendly-8574040002","Frontend Platform Engineer III","Calendly","Remote - US","Remote","Cloud & Infrastructure","88","Strong","Employer Greenhouse board","https://job-boards.greenhouse.io/calendly/jobs/8574040002","2026-06-01","Check listing","Not listed","infrastructure|api|monitoring|Excel|automation","Cloud & Infrastructure title aligns with the target job families.|Resume overlap: infrastructure, api, monitoring.|Technical overlap: Excel, automation.|Explicit USA-remote listing appears compatible with living in New Orleans.","Posting references up to 3 years of experience; compare the exact requirement."
"67","entergy-1371761800","Category Management Specialist I - II","Entergy","New Orleans, Louisiana, United States","New Orleans","Operations & Process","88","Strong","Entergy careers","https://jobs.entergy.com/job/New-Orleans-Category-Management-Specialist-I-II-Loui/1371761800/","","Corporate","Not listed","","Operations & Process title aligns with the target job families.|Seniority appears compatible with early-career graduate experience.|In-person location is New Orleans.","Verify exact years, degree requirements, and state eligibility on the live application."
"68","entergy-1397036600","Ops Coordinator - Vegetation","Entergy","New Orleans, Louisiana, United States","New Orleans","Administration & Coordination","88","Strong","Entergy careers","https://jobs.entergy.com/job/New-Orleans-Ops-Coordinator-Vegetation-Loui/1397036600/","","Corporate","Not listed","","Administration & Coordination title aligns with the target job families.|Seniority appears compatible with early-career graduate experience.|In-person location is New Orleans.","Verify exact years, degree requirements, and state eligibility on the live application."
"69","entergy-1382630400","Tax Specialist","Entergy","New Orleans, Louisiana, United States","New Orleans","Administration & Coordination","88","Strong","Entergy careers","https://jobs.entergy.com/job/New-Orleans-Tax-Specialist-Loui/1382630400/","","Corporate","Not listed","","Administration & Coordination title aligns with the target job families.|Seniority appears compatible with early-career graduate experience.|In-person location is New Orleans.","Verify exact years, degree requirements, and state eligibility on the live application."
"70","gh-grafanalabs-5836198004","Demand Generation Specialist | United States | Remote","Grafana Labs","United States (Remote)","Remote","Administration & Coordination","88","Strong","Employer Greenhouse board","https://job-boards.greenhouse.io/grafanalabs/jobs/5836198004","2026-05-10","Check listing","$ 76,939 - $ 92,326","reporting|automation","Administration & Coordination title aligns with the target job families.|Resume overlap: reporting.|Technical overlap: automation.|Seniority appears compatible with early-career graduate experience.","Posting references up to 3 years of experience; compare the exact requirement."
"71","ochsner-95850818016","Talent Sourcing Specialist- PRN","Ochsner Health","New Orleans, LA","New Orleans","Administration & Coordination","88","Strong","Ochsner Health careers","https://careers.ochsner.org/job/new-orleans/talent-sourcing-specialist-prn/47519/95850818016","","PRN (Per Diem)","Not listed","","Administration & Coordination title aligns with the target job families.|Seniority appears compatible with early-career graduate experience.|In-person location is New Orleans.","Verify exact years, degree requirements, and state eligibility on the live application."
"72","tulane-1064","Fabrication Lab Specialist II","Tulane University","New Orleans, LA, United States","New Orleans","Administration & Coordination","88","Strong","Tulane University careers","https://tulane-ibqejb.fa.ocs.oraclecloud.com/hcmUI/CandidateExperience/en/sites/CX_1/job/1064","2026-06-10","On-site","Not listed","","Administration & Coordination title aligns with the target job families.|Seniority appears compatible with early-career graduate experience.|In-person location is New Orleans.","Verify exact years, degree requirements, and state eligibility on the live application."
"73","tulane-889","Health Promotion Specialist I","Tulane University","New Orleans, LA, United States","New Orleans","Administration & Coordination","88","Strong","Tulane University careers","https://tulane-ibqejb.fa.ocs.oraclecloud.com/hcmUI/CandidateExperience/en/sites/CX_1/job/889","2026-06-10","On-site","Not listed","","Administration & Coordination title aligns with the target job families.|Seniority appears compatible with early-career graduate experience.|In-person location is New Orleans.","Verify exact years, degree requirements, and state eligibility on the live application."
"74","tulane-896","Pre-Award Specialist III","Tulane University","New Orleans, LA, United States","New Orleans","Administration & Coordination","88","Strong","Tulane University careers","https://tulane-ibqejb.fa.ocs.oraclecloud.com/hcmUI/CandidateExperience/en/sites/CX_1/job/896","2026-05-22","On-site","Not listed","","Administration & Coordination title aligns with the target job families.|Seniority appears compatible with early-career graduate experience.|In-person location is New Orleans.","Verify exact years, degree requirements, and state eligibility on the live application."
"75","tulane-887","Library Coordinator II","Tulane University","New Orleans, LA, United States","New Orleans","Administration & Coordination","88","Strong","Tulane University careers","https://tulane-ibqejb.fa.ocs.oraclecloud.com/hcmUI/CandidateExperience/en/sites/CX_1/job/887","2026-05-19","On-site","Not listed","","Administration & Coordination title aligns with the target job families.|Seniority appears compatible with early-career graduate experience.|In-person location is New Orleans.","Verify exact years, degree requirements, and state eligibility on the live application."
"76","tulane-835","Payor Contract Reimbursement Specialist II","Tulane University","New Orleans, LA, United States","New Orleans","Administration & Coordination","88","Strong","Tulane University careers","https://tulane-ibqejb.fa.ocs.oraclecloud.com/hcmUI/CandidateExperience/en/sites/CX_1/job/835","2026-05-14","On-site","Not listed","","Administration & Coordination title aligns with the target job families.|Seniority appears compatible with early-career graduate experience.|In-person location is New Orleans.","Verify exact years, degree requirements, and state eligibility on the live application."
"77","tulane-716","Pre-Award Specialist II","Tulane University","New Orleans, LA, United States","New Orleans","Administration & Coordination","88","Strong","Tulane University careers","https://tulane-ibqejb.fa.ocs.oraclecloud.com/hcmUI/CandidateExperience/en/sites/CX_1/job/716","2026-05-11","On-site","Not listed","","Administration & Coordination title aligns with the target job families.|Seniority appears compatible with early-career graduate experience.|In-person location is New Orleans.","Verify exact years, degree requirements, and state eligibility on the live application."
"78","tulane-660","Data Coordinator III","Tulane University","New Orleans, LA, United States","New Orleans","Data & Analytics","88","Strong","Tulane University careers","https://tulane-ibqejb.fa.ocs.oraclecloud.com/hcmUI/CandidateExperience/en/sites/CX_1/job/660","2026-05-08","On-site","Not listed","","Data & Analytics title aligns with the target job families.|Seniority appears compatible with early-career graduate experience.|In-person location is New Orleans.","Verify exact years, degree requirements, and state eligibility on the live application."
"79","tulane-785","Logistics Coordinator I","Tulane University","New Orleans, LA, United States","New Orleans","Administration & Coordination","88","Strong","Tulane University careers","https://tulane-ibqejb.fa.ocs.oraclecloud.com/hcmUI/CandidateExperience/en/sites/CX_1/job/785","2026-05-08","On-site","Not listed","","Administration & Coordination title aligns with the target job families.|Seniority appears compatible with early-career graduate experience.|In-person location is New Orleans.","Verify exact years, degree requirements, and state eligibility on the live application."
"80","tulane-98","Benefits Specialist I","Tulane University","New Orleans, LA, United States","New Orleans","Administration & Coordination","88","Strong","Tulane University careers","https://tulane-ibqejb.fa.ocs.oraclecloud.com/hcmUI/CandidateExperience/en/sites/CX_1/job/98","2026-05-06","On-site","Not listed","","Administration & Coordination title aligns with the target job families.|Seniority appears compatible with early-career graduate experience.|In-person location is New Orleans.","Verify exact years, degree requirements, and state eligibility on the live application."
"81","tulane-162","Customer Engagement Specialist II","Tulane University","New Orleans, LA, United States","New Orleans","Administration & Coordination","88","Strong","Tulane University careers","https://tulane-ibqejb.fa.ocs.oraclecloud.com/hcmUI/CandidateExperience/en/sites/CX_1/job/162","2026-05-06","Check listing","Not listed","","Administration & Coordination title aligns with the target job families.|Seniority appears compatible with early-career graduate experience.|In-person location is New Orleans.","Verify exact years, degree requirements, and state eligibility on the live application."
"82","tulane-643","Library Coordinator III","Tulane University","New Orleans, LA, United States","New Orleans","Administration & Coordination","88","Strong","Tulane University careers","https://tulane-ibqejb.fa.ocs.oraclecloud.com/hcmUI/CandidateExperience/en/sites/CX_1/job/643","2026-04-30","On-site","Not listed","","Administration & Coordination title aligns with the target job families.|Seniority appears compatible with early-career graduate experience.|In-person location is New Orleans.","Verify exact years, degree requirements, and state eligibility on the live application."
"83","tulane-593","Payroll Specialist II","Tulane University","New Orleans, LA, United States","New Orleans","Administration & Coordination","88","Strong","Tulane University careers","https://tulane-ibqejb.fa.ocs.oraclecloud.com/hcmUI/CandidateExperience/en/sites/CX_1/job/593","2026-04-24","On-site","Not listed","","Administration & Coordination title aligns with the target job families.|Seniority appears compatible with early-career graduate experience.|In-person location is New Orleans.","Verify exact years, degree requirements, and state eligibility on the live application."
"84","tulane-500","Research Specialist II","Tulane University","New Orleans, LA, United States","New Orleans","Administration & Coordination","88","Strong","Tulane University careers","https://tulane-ibqejb.fa.ocs.oraclecloud.com/hcmUI/CandidateExperience/en/sites/CX_1/job/500","2026-04-24","On-site","Not listed","","Administration & Coordination title aligns with the target job families.|Seniority appears compatible with early-career graduate experience.|In-person location is New Orleans.","Verify exact years, degree requirements, and state eligibility on the live application."
"85","tulane-141","Medical Research Specialist","Tulane University","New Orleans, LA, United States","New Orleans","Administration & Coordination","88","Strong","Tulane University careers","https://tulane-ibqejb.fa.ocs.oraclecloud.com/hcmUI/CandidateExperience/en/sites/CX_1/job/141","2026-04-23","Check listing","Not listed","","Administration & Coordination title aligns with the target job families.|Seniority appears compatible with early-career graduate experience.|In-person location is New Orleans.","Verify exact years, degree requirements, and state eligibility on the live application."
"86","tulane-549","Post-Award Specialist I","Tulane University","New Orleans, LA, United States","New Orleans","Administration & Coordination","88","Strong","Tulane University careers","https://tulane-ibqejb.fa.ocs.oraclecloud.com/hcmUI/CandidateExperience/en/sites/CX_1/job/549","2026-04-23","On-site","Not listed","","Administration & Coordination title aligns with the target job families.|Seniority appears compatible with early-career graduate experience.|In-person location is New Orleans.","Verify exact years, degree requirements, and state eligibility on the live application."
"87","tulane-447","Research Coordinator II","Tulane University","New Orleans, LA, United States","New Orleans","Administration & Coordination","88","Strong","Tulane University careers","https://tulane-ibqejb.fa.ocs.oraclecloud.com/hcmUI/CandidateExperience/en/sites/CX_1/job/447","2026-04-17","On-site","Not listed","","Administration & Coordination title aligns with the target job families.|Seniority appears compatible with early-career graduate experience.|In-person location is New Orleans.","Verify exact years, degree requirements, and state eligibility on the live application."
"88","tulane-450","Post-Award Specialist III","Tulane University","New Orleans, LA, United States","New Orleans","Administration & Coordination","88","Strong","Tulane University careers","https://tulane-ibqejb.fa.ocs.oraclecloud.com/hcmUI/CandidateExperience/en/sites/CX_1/job/450","2026-04-16","On-site","Not listed","","Administration & Coordination title aligns with the target job families.|Seniority appears compatible with early-career graduate experience.|In-person location is New Orleans.","Verify exact years, degree requirements, and state eligibility on the live application."
"89","tulane-193","Financial Services Specialist","Tulane University","New Orleans, LA, United States","New Orleans","Administration & Coordination","88","Strong","Tulane University careers","https://tulane-ibqejb.fa.ocs.oraclecloud.com/hcmUI/CandidateExperience/en/sites/CX_1/job/193","2026-04-06","Check listing","Not listed","","Administration & Coordination title aligns with the target job families.|Seniority appears compatible with early-career graduate experience.|In-person location is New Orleans.","Verify exact years, degree requirements, and state eligibility on the live application."
"90","tulane-320","Post-Award Specialist II","Tulane University","New Orleans, LA, United States","New Orleans","Administration & Coordination","88","Strong","Tulane University careers","https://tulane-ibqejb.fa.ocs.oraclecloud.com/hcmUI/CandidateExperience/en/sites/CX_1/job/320","2026-04-06","On-site","Not listed","","Administration & Coordination title aligns with the target job families.|Seniority appears compatible with early-career graduate experience.|In-person location is New Orleans.","Verify exact years, degree requirements, and state eligibility on the live application."
"91","tulane-179","Referral Authorization Coordinator","Tulane University","New Orleans, LA, United States","New Orleans","Administration & Coordination","88","Strong","Tulane University careers","https://tulane-ibqejb.fa.ocs.oraclecloud.com/hcmUI/CandidateExperience/en/sites/CX_1/job/179","2026-04-06","Check listing","Not listed","","Administration & Coordination title aligns with the target job families.|Seniority appears compatible with early-career graduate experience.|In-person location is New Orleans.","Verify exact years, degree requirements, and state eligibility on the live application."
"92","tulane-88","Customer Engagement Coordinator II","Tulane University","New Orleans, LA, United States","New Orleans","Administration & Coordination","88","Strong","Tulane University careers","https://tulane-ibqejb.fa.ocs.oraclecloud.com/hcmUI/CandidateExperience/en/sites/CX_1/job/88","2026-03-30","On-site","Not listed","","Administration & Coordination title aligns with the target job families.|Seniority appears compatible with early-career graduate experience.|In-person location is New Orleans.","Verify exact years, degree requirements, and state eligibility on the live application."
"93","ochsner-95685582320","Special Services Coordinator - Utilization Review (Remote)","Ochsner Health","New Orleans, LA","Remote","Administration & Coordination","87","Strong","Ochsner Health careers","https://careers.ochsner.org/job/new-orleans/special-services-coordinator-utilization-review-remote/47519/95685582320","","Full-time","Not listed","","Administration & Coordination title aligns with the target job families.|Seniority appears compatible with early-career graduate experience.|Explicit USA-remote listing appears compatible with living in New Orleans.","Verify exact years, degree requirements, and state eligibility on the live application."
"94","gh-smartsheet-8007934","Software Engineer II - App Core (Remote Eligible)","Smartsheet","-REMOTE, USA-","Remote","Software & QA","87","Strong","Employer Greenhouse board","https://job-boards.greenhouse.io/smartsheet/jobs/8007934","2026-06-15","Check listing","Not listed","python|java|sql|backend|git|software|Python|Java|SQL|Excel","Software & QA title aligns with the target job families.|Resume overlap: python, java, sql, backend, git.|Technical overlap: Python, Java, SQL, Excel, AWS.|Explicit USA-remote listing appears compatible with living in New Orleans.","Posting references up to 20 years of experience."
"95","entergy-1393018100","Mgr., Capital Project Procurement (Power Delivery)","Entergy","New Orleans, Louisiana, United States","New Orleans","Project & Program","86","Strong","Entergy careers","https://jobs.entergy.com/job/New-Orleans-Mgr_%2C-Capital-Project-Procurement-%28Power-Delivery%29-Loui/1393018100/","","Corporate","Not listed","project|delivery","Project & Program title aligns with the target job families.|Resume overlap: project, delivery.|In-person location is New Orleans.","Verify exact years, degree requirements, and state eligibility on the live application."
"96","gh-affirm-7694294003","Software Engineer II, Machine Learning (Feature Platform)","Affirm","Remote US","Remote","Software & QA","85","Strong","Employer Greenhouse board","https://job-boards.greenhouse.io/affirm/jobs/7694294003","2026-06-12","Check listing","$165,000 - $225,000","python|sql|backend|software|Python|SQL|AWS","Software & QA title aligns with the target job families.|Resume overlap: python, sql, backend, software.|Technical overlap: Python, SQL, AWS.|Explicit USA-remote listing appears compatible with living in New Orleans.","Posting references up to 5 years of experience."
"97","gh-affirm-7762568003","Software Engineer II, Backend (ML Training & Serving)","Affirm","Remote US","Remote","Software & QA","85","Strong","Employer Greenhouse board","https://job-boards.greenhouse.io/affirm/jobs/7762568003","2026-06-11","Check listing","$ 160,000 - 210,000","python|sql|backend|software|Python|SQL|AWS","Software & QA title aligns with the target job families.|Resume overlap: python, sql, backend, software.|Technical overlap: Python, SQL, AWS.|Explicit USA-remote listing appears compatible with living in New Orleans.","Posting references up to 5 years of experience."
"98","gh-affirm-7687973003","Software Engineer II, Frontend (Purchasing Integrations)","Affirm","Remote US","Remote","Software & QA","85","Strong","Employer Greenhouse board","https://job-boards.greenhouse.io/affirm/jobs/7687973003","2026-06-09","Check listing","$ 165,000 - $ 225,000","python|java|javascript|software|Python|Java|JavaScript","Software & QA title aligns with the target job families.|Resume overlap: python, java, javascript, software.|Technical overlap: Python, Java, JavaScript.|Explicit USA-remote listing appears compatible with living in New Orleans.","Posting references up to 5 years of experience."
"99","gh-affirm-7726632003","Analyst II, Full Stack (Customer Servicing Analytics)","Affirm","Remote US","Remote","Data & Analytics","85","Strong","Employer Greenhouse board","https://job-boards.greenhouse.io/affirm/jobs/7726632003","2026-06-08","Check listing","$145,000 - $205,000","sql|analytics|metrics|insights|Python|SQL|automation","Data & Analytics title aligns with the target job families.|Resume overlap: sql, analytics, metrics, insights.|Technical overlap: Python, SQL, automation.|Explicit USA-remote listing appears compatible with living in New Orleans.","Posting references up to 5 years of experience."
"100","jobicy-146132","Customer Experience Program Owner","GE Vernova","USA - Remote","Remote","Project & Program","85","Strong","Jobicy","https://jobicy.com/jobs/146132-customer-experience-program-owner","2026-06-10","Full-Time","USD 91400-152200 yearly","project|program|implementation|stakeholder|process|Excel|dashboards","Project & Program title aligns with the target job families.|Resume overlap: project, program, implementation, stakeholder, process.|Technical overlap: Excel, dashboards.|Explicit USA-remote listing appears compatible with living in New Orleans.","Posting references up to 5 years of experience."
"101","gh-smartsheet-7712828","Software Engineer II, FedRamp (Remote Eligible)","Smartsheet","-REMOTE, USA-","Remote","Software & QA","85","Strong","Employer Greenhouse board","https://job-boards.greenhouse.io/smartsheet/jobs/7712828","2026-06-12","Check listing","Not listed","python|java|automation|git|software|Python|Java|Excel|AWS|Linux","Software & QA title aligns with the target job families.|Resume overlap: python, java, automation, git, software.|Technical overlap: Python, Java, Excel, AWS, Linux, automation.|Explicit USA-remote listing appears compatible with living in New Orleans.","Posting references up to 20 years of experience."
"102","gh-stripe-7430296","Risk Operations Analyst, Financial Crimes Programs","Stripe","Remote, US","Remote","Operations & Process","85","Strong","Employer Greenhouse board","https://stripe.com/jobs/search?gh_jid=7430296","2026-06-09","Check listing","Not listed","operations|process|workflow|efficiency|reporting|SQL","Operations & Process title aligns with the target job families.|Resume overlap: operations, process, workflow, efficiency, reporting.|Technical overlap: SQL.|Explicit USA-remote listing appears compatible with living in New Orleans.","Posting references up to 5 years of experience."
"103","gh-coinbase-7993887","Data Protection Engineer","Coinbase","Remote - USA","Remote","Data & Analytics","84","Strong","Employer Greenhouse board","https://www.coinbase.com/careers/positions/7993887?gh_jid=7993887","2026-06-09","Check listing","Not listed","reporting|metrics|AWS|automation","Data & Analytics title aligns with the target job families.|Resume overlap: reporting, metrics.|Technical overlap: AWS, automation.|Explicit USA-remote listing appears compatible with living in New Orleans.","Posting references up to 3 years of experience; compare the exact requirement."
"104","gh-coinbase-7984814","Payments Risk Analyst II","Coinbase","Remote - USA","Remote","Data & Analytics","84","Strong","Employer Greenhouse board","https://www.coinbase.com/careers/positions/7984814?gh_jid=7984814","2026-06-08","Check listing","Not listed","sql|analytics|SQL|AWS","Data & Analytics title aligns with the target job families.|Resume overlap: sql, analytics.|Technical overlap: SQL, AWS.|Explicit USA-remote listing appears compatible with living in New Orleans.","Posting references up to 4 years of experience; compare the exact requirement."
"105","jobicy-146432","IT Software Asset Management Analyst","DoorDash","USA - Remote","Remote","Data & Analytics","83","Strong","Jobicy","https://jobicy.com/jobs/146432-it-software-asset-management-analyst","2026-06-13","Full-Time","USD 95200-140000 yearly","excel|dashboard|reporting|metrics|Excel|AWS|dashboards","Data & Analytics title aligns with the target job families.|Resume overlap: excel, dashboard, reporting, metrics.|Technical overlap: Excel, AWS, dashboards.|Explicit USA-remote listing appears compatible with living in New Orleans.","Posting references up to 5 years of experience."
"106","gh-gitlab-8565469002","AI Engineer","GitLab","Remote, US","Remote","Software & QA","83","Strong","Employer Greenhouse board","https://job-boards.greenhouse.io/gitlab/jobs/8565469002","2026-06-05","Check listing","Not listed","python|java|javascript|rest api|automation|git|software|Python|Java|JavaScript","Responsibilities include transferable software & qa work.|Resume overlap: python, java, javascript, rest api, automation.|Technical overlap: Python, Java, JavaScript, REST APIs, CRM, automation.|Explicit USA-remote listing appears compatible with living in New Orleans.","Verify exact years, degree requirements, and state eligibility on the live application."
"107","gh-twilio-7954715","Software Engineer (L3) Data Substrate","Twilio","Remote - US","Remote","Software & QA","83","Strong","Employer Greenhouse board","https://job-boards.greenhouse.io/twilio/jobs/7954715","2026-06-12","Check listing","$138,700 - $173,400","python|java|software|Python|Java|Excel|AWS","Software & QA title aligns with the target job families.|Resume overlap: python, java, software.|Technical overlap: Python, Java, Excel, AWS.|Explicit USA-remote listing appears compatible with living in New Orleans.","Posting references up to 5 years of experience."
"108","entergy-1389219600","Financial Reporting Accountant","Entergy","New Orleans, Louisiana, United States","New Orleans","Data & Analytics","82","Strong","Entergy careers","https://jobs.entergy.com/job/New-Orleans-Financial-Reporting-Accountant-Loui/1389219600/","","Corporate","Not listed","reporting","Data & Analytics title aligns with the target job families.|Resume overlap: reporting.|In-person location is New Orleans.","Verify exact years, degree requirements, and state eligibility on the live application."
"109","gh-launchdarkly-7655955003","Infrastructure Engineer","LaunchDarkly","Remote - US","Remote","Cloud & Infrastructure","82","Strong","Employer Greenhouse board","https://job-boards.greenhouse.io/launchdarkly/jobs/7655955003","2026-04-29","Check listing","$191,800 - $263,670","aws|infrastructure|AWS","Cloud & Infrastructure title aligns with the target job families.|Resume overlap: aws, infrastructure.|Technical overlap: AWS.|Explicit USA-remote listing appears compatible with living in New Orleans.","Posting references up to 4 years of experience; compare the exact requirement."
"110","ochsner-96217239488","LMSW to LCSW Clinical Supervision Program","Ochsner Health","New Orleans, LA","New Orleans","Project & Program","82","Strong","Ochsner Health careers","https://careers.ochsner.org/job/new-orleans/lmsw-to-lcsw-clinical-supervision-program/47519/96217239488","","Full-time","Not listed","program","Project & Program title aligns with the target job families.|Resume overlap: program.|In-person location is New Orleans.","Verify exact years, degree requirements, and state eligibility on the live application."
"111","ochsner-96314333248","Mgr-Strategy Program System Partnerships","Ochsner Health","New Orleans, LA","New Orleans","Project & Program","82","Strong","Ochsner Health careers","https://careers.ochsner.org/job/new-orleans/mgr-strategy-program-system-partnerships/47519/96314333248","","Full-time","Not listed","program","Project & Program title aligns with the target job families.|Resume overlap: program.|In-person location is New Orleans.","Verify exact years, degree requirements, and state eligibility on the live application."
"112","ochsner-95988564480","RN - Labor & Delivery - Ochsner Baptist - Nights","Ochsner Health","New Orleans, LA","New Orleans","Project & Program","82","Strong","Ochsner Health careers","https://careers.ochsner.org/job/new-orleans/rn-labor-and-delivery-ochsner-baptist-nights/47519/95988564480","","Full-time","Not listed","delivery","Project & Program title aligns with the target job families.|Resume overlap: delivery.|In-person location is New Orleans.","Verify exact years, degree requirements, and state eligibility on the live application."
"113","tulane-1077","Infrastructure Engineer III","Tulane University","New Orleans, LA, United States","New Orleans","Cloud & Infrastructure","82","Strong","Tulane University careers","https://tulane-ibqejb.fa.ocs.oraclecloud.com/hcmUI/CandidateExperience/en/sites/CX_1/job/1077","2026-06-10","On-site","Not listed","infrastructure","Cloud & Infrastructure title aligns with the target job families.|Resume overlap: infrastructure.|In-person location is New Orleans.","Verify exact years, degree requirements, and state eligibility on the live application."
"114","tulane-1025","IT Support Technician II","Tulane University","New Orleans, LA, United States","New Orleans","IT & Systems","82","Strong","Tulane University careers","https://tulane-ibqejb.fa.ocs.oraclecloud.com/hcmUI/CandidateExperience/en/sites/CX_1/job/1025","2026-06-10","On-site","Not listed","support","IT & Systems title aligns with the target job families.|Resume overlap: support.|In-person location is New Orleans.","Verify exact years, degree requirements, and state eligibility on the live application."
"115","tulane-232","GME Program Administrator I","Tulane University","New Orleans, LA, United States","New Orleans","Project & Program","82","Strong","Tulane University careers","https://tulane-ibqejb.fa.ocs.oraclecloud.com/hcmUI/CandidateExperience/en/sites/CX_1/job/232","2026-05-06","Check listing","Not listed","program","Project & Program title aligns with the target job families.|Resume overlap: program.|In-person location is New Orleans.","Verify exact years, degree requirements, and state eligibility on the live application."
"116","tulane-623","GME Program Administrator II","Tulane University","New Orleans, LA, United States","New Orleans","Project & Program","82","Strong","Tulane University careers","https://tulane-ibqejb.fa.ocs.oraclecloud.com/hcmUI/CandidateExperience/en/sites/CX_1/job/623","2026-05-04","On-site","Not listed","program","Project & Program title aligns with the target job families.|Resume overlap: program.|In-person location is New Orleans.","Verify exact years, degree requirements, and state eligibility on the live application."
"117","tulane-508","Business Analyst, AIS, Business Analytics","Tulane University","New Orleans, LA, United States","New Orleans","Data & Analytics","82","Strong","Tulane University careers","https://tulane-ibqejb.fa.ocs.oraclecloud.com/hcmUI/CandidateExperience/en/sites/CX_1/job/508","2026-04-22","On-site","Not listed","analytics","Data & Analytics title aligns with the target job families.|Resume overlap: analytics.|In-person location is New Orleans.","Verify exact years, degree requirements, and state eligibility on the live application."
"118","tulane-532","Program Administrator II, Internships","Tulane University","New Orleans, LA, United States","New Orleans","Project & Program","82","Strong","Tulane University careers","https://tulane-ibqejb.fa.ocs.oraclecloud.com/hcmUI/CandidateExperience/en/sites/CX_1/job/532","2026-04-22","On-site","Not listed","program","Project & Program title aligns with the target job families.|Resume overlap: program.|In-person location is New Orleans.","Verify exact years, degree requirements, and state eligibility on the live application."
"119","tulane-400","Program Administrator II","Tulane University","New Orleans, LA, United States","New Orleans","Project & Program","82","Strong","Tulane University careers","https://tulane-ibqejb.fa.ocs.oraclecloud.com/hcmUI/CandidateExperience/en/sites/CX_1/job/400","2026-04-14","On-site","Not listed","program","Project & Program title aligns with the target job families.|Resume overlap: program.|In-person location is New Orleans.","Verify exact years, degree requirements, and state eligibility on the live application."
"120","tulane-418","Operations Administrator II","Tulane University","New Orleans, LA, United States","New Orleans","Operations & Process","82","Strong","Tulane University careers","https://tulane-ibqejb.fa.ocs.oraclecloud.com/hcmUI/CandidateExperience/en/sites/CX_1/job/418","2026-04-13","On-site","Not listed","operations","Operations & Process title aligns with the target job families.|Resume overlap: operations.|In-person location is New Orleans.","Verify exact years, degree requirements, and state eligibility on the live application."
"121","tulane-394","Physical Security Systems Administrator III","Tulane University","New Orleans, LA, United States","New Orleans","IT & Systems","82","Strong","Tulane University careers","https://tulane-ibqejb.fa.ocs.oraclecloud.com/hcmUI/CandidateExperience/en/sites/CX_1/job/394","2026-04-13","On-site","Not listed","systems","IT & Systems title aligns with the target job families.|Resume overlap: systems.|In-person location is New Orleans.","Verify exact years, degree requirements, and state eligibility on the live application."
"122","tulane-363","Assistant Dean, Program Administration (International Programs)","Tulane University","New Orleans, LA, United States","New Orleans","Project & Program","82","Strong","Tulane University careers","https://tulane-ibqejb.fa.ocs.oraclecloud.com/hcmUI/CandidateExperience/en/sites/CX_1/job/363","2026-04-09","On-site","Not listed","program","Project & Program title aligns with the target job families.|Resume overlap: program.|In-person location is New Orleans.","Verify exact years, degree requirements, and state eligibility on the live application."
"123","tulane-84","Program Administrator II, Commercialization","Tulane University","New Orleans, LA, United States","New Orleans","Project & Program","82","Strong","Tulane University careers","https://tulane-ibqejb.fa.ocs.oraclecloud.com/hcmUI/CandidateExperience/en/sites/CX_1/job/84","2026-04-01","On-site","Not listed","program","Project & Program title aligns with the target job families.|Resume overlap: program.|In-person location is New Orleans.","Verify exact years, degree requirements, and state eligibility on the live application."
"124","gh-twilio-7605743","Software Engineer","Twilio","Remote - US","Remote","Software & QA","82","Strong","Employer Greenhouse board","https://job-boards.greenhouse.io/twilio/jobs/7605743","2026-06-13","Check listing","$116,960 - 146,200","backend|software|Excel","Software & QA title aligns with the target job families.|Resume overlap: backend, software.|Technical overlap: Excel.|Explicit USA-remote listing appears compatible with living in New Orleans.","Posting references up to 3 years of experience; compare the exact requirement."
"125","gh-launchdarkly-7647797003","SDK Software Engineer, AI","LaunchDarkly","Remote - US","Remote","Software & QA","81","Good","Employer Greenhouse board","https://job-boards.greenhouse.io/launchdarkly/jobs/7647797003","2026-04-29","Check listing","$171,200 - $235,400","python|testing|git|software|Python","Software & QA title aligns with the target job families.|Resume overlap: python, testing, git, software.|Technical overlap: Python.|Explicit USA-remote listing appears compatible with living in New Orleans.","Posting references up to 5 years of experience."
"126","gh-samsara-7922805","Specialist Seller - Enterprise Select AI Products","Samsara","Remote - US","Remote","Administration & Coordination","81","Good","Employer Greenhouse board","https://www.samsara.com/company/careers/roles/7922805?gh_jid=7922805","2026-06-09","Check listing","Not listed","stakeholder|AWS|automation","Administration & Coordination title aligns with the target job families.|Resume overlap: stakeholder.|Technical overlap: AWS, automation.|Seniority appears compatible with early-career graduate experience.","Posting references up to 5 years of experience."
"127","gh-stripe-7587814","Writer, Content Marketing","Stripe","Remote US","Remote","Content & Creative Technology","81","Good","Employer Greenhouse board","https://stripe.com/jobs/search?gh_jid=7587814","2026-06-11","Check listing","Not listed","content|editorial|media|audience|Excel","Content & Creative Technology title aligns with the target job families.|Resume overlap: content, editorial, media, audience.|Technical overlap: Excel.|Explicit USA-remote listing appears compatible with living in New Orleans.","Posting references up to 7 years of experience."
"128","entergy-1372050600","Application Developer","Entergy","New Orleans, Louisiana, United States","New Orleans","Software & QA","78","Good","Entergy careers","https://jobs.entergy.com/job/New-Orleans-Application-Developer-Loui/1372050600/","","Corporate","Not listed","","Software & QA title aligns with the target job families.|In-person location is New Orleans.","Verify exact years, degree requirements, and state eligibility on the live application."
"129","entergy-1392009600","Energy Market Analyst","Entergy","New Orleans, Louisiana, United States","New Orleans","Data & Analytics","78","Good","Entergy careers","https://jobs.entergy.com/job/New-Orleans-Energy-Market-Analyst-Loui/1392009600/","","Corporate","Not listed","","Data & Analytics title aligns with the target job families.|In-person location is New Orleans.","Verify exact years, degree requirements, and state eligibility on the live application."
"130","entergy-1389789900","Executive Assistant","Entergy","New Orleans, Louisiana, United States","New Orleans","Administration & Coordination","78","Good","Entergy careers","https://jobs.entergy.com/job/New-Orleans-Executive-Assistant-Loui/1389789900/","","Corporate","Not listed","","Administration & Coordination title aligns with the target job families.|In-person location is New Orleans.","Verify exact years, degree requirements, and state eligibility on the live application."
"131","entergy-1373605000","Risk Analyst (Property & Casualty Insurance Programs)","Entergy","New Orleans, Louisiana, United States","New Orleans","Data & Analytics","78","Good","Entergy careers","https://jobs.entergy.com/job/New-Orleans-Risk-Analyst-%28Property-&-Casualty-Insurance-Programs%29-Loui/1373605000/","","Corporate","Not listed","","Data & Analytics title aligns with the target job families.|In-person location is New Orleans.","Verify exact years, degree requirements, and state eligibility on the live application."
"132","jobicy-146424","Financial Analyst","ManTech","USA - Remote","Remote","Data & Analytics","78","Good","Jobicy","https://jobicy.com/jobs/146424-financial-analyst","2026-06-13","Full-Time","USD 99200-164900 yearly","reporting|analytics","Data & Analytics title aligns with the target job families.|Resume overlap: reporting, analytics.|Explicit USA-remote listing appears compatible with living in New Orleans.","Posting references up to 4 years of experience; compare the exact requirement."
"133","ochsner-95959213424","Access Navigator - Ochsner Therapy and Wellness - Elmwood","Ochsner Health","New Orleans, LA","New Orleans","Customer & Implementation","78","Good","Ochsner Health careers","https://careers.ochsner.org/job/new-orleans/access-navigator-ochsner-therapy-and-wellness-elmwood/47519/95959213424","","Full-time","Not listed","","Customer & Implementation title aligns with the target job families.|In-person location is New Orleans.","Verify exact years, degree requirements, and state eligibility on the live application."
"134","ochsner-96314333216","Community Health Worker - Internal Workforce","Ochsner Health","New Orleans, LA","New Orleans","Operations & Process","78","Good","Ochsner Health careers","https://careers.ochsner.org/job/new-orleans/community-health-worker-internal-workforce/47519/96314333216","","Full-time","Not listed","","Operations & Process title aligns with the target job families.|In-person location is New Orleans.","Verify exact years, degree requirements, and state eligibility on the live application."
"135","ochsner-96206170320","Financial Analyst - Hybrid","Ochsner Health","New Orleans, LA","New Orleans","Data & Analytics","78","Good","Ochsner Health careers","https://careers.ochsner.org/job/new-orleans/financial-analyst-hybrid/47519/96206170320","","Full-time","Not listed","","Data & Analytics title aligns with the target job families.|In-person location is New Orleans.","Verify exact years, degree requirements, and state eligibility on the live application."
"136","tulane-253","Applications Developer III","Tulane University","New Orleans, LA, United States","New Orleans","Software & QA","78","Good","Tulane University careers","https://tulane-ibqejb.fa.ocs.oraclecloud.com/hcmUI/CandidateExperience/en/sites/CX_1/job/253","2026-06-11","Check listing","Not listed","","Software & QA title aligns with the target job families.|In-person location is New Orleans.","Verify exact years, degree requirements, and state eligibility on the live application."
"137","tulane-1076","Network Engineer III","Tulane University","New Orleans, LA, United States","New Orleans","Cloud & Infrastructure","78","Good","Tulane University careers","https://tulane-ibqejb.fa.ocs.oraclecloud.com/hcmUI/CandidateExperience/en/sites/CX_1/job/1076","2026-06-10","On-site","Not listed","","Cloud & Infrastructure title aligns with the target job families.|In-person location is New Orleans.","Verify exact years, degree requirements, and state eligibility on the live application."
"138","tulane-1056","Financial Aid Counselor I","Tulane University","New Orleans, LA, United States","New Orleans","Administration & Coordination","78","Good","Tulane University careers","https://tulane-ibqejb.fa.ocs.oraclecloud.com/hcmUI/CandidateExperience/en/sites/CX_1/job/1056","2026-06-08","On-site","Not listed","","Administration & Coordination title aligns with the target job families.|In-person location is New Orleans.","Verify exact years, degree requirements, and state eligibility on the live application."
"139","tulane-979","Administrative Assistant I","Tulane University","New Orleans, LA, United States","New Orleans","Administration & Coordination","78","Good","Tulane University careers","https://tulane-ibqejb.fa.ocs.oraclecloud.com/hcmUI/CandidateExperience/en/sites/CX_1/job/979","2026-06-03","On-site","Not listed","","Administration & Coordination title aligns with the target job families.|In-person location is New Orleans.","Verify exact years, degree requirements, and state eligibility on the live application."
"140","tulane-900","Data Engineer III","Tulane University","New Orleans, LA, United States","New Orleans","Data & Analytics","78","Good","Tulane University careers","https://tulane-ibqejb.fa.ocs.oraclecloud.com/hcmUI/CandidateExperience/en/sites/CX_1/job/900","2026-05-28","On-site","Not listed","","Data & Analytics title aligns with the target job families.|In-person location is New Orleans.","Verify exact years, degree requirements, and state eligibility on the live application."
"141","tulane-950","Administrative Assistant II","Tulane University","New Orleans, LA, United States","New Orleans","Administration & Coordination","78","Good","Tulane University careers","https://tulane-ibqejb.fa.ocs.oraclecloud.com/hcmUI/CandidateExperience/en/sites/CX_1/job/950","2026-05-26","On-site","Not listed","","Administration & Coordination title aligns with the target job families.|In-person location is New Orleans.","Verify exact years, degree requirements, and state eligibility on the live application."
"142","tulane-908","Advancement Research Analyst","Tulane University","New Orleans, LA, United States","New Orleans","Data & Analytics","78","Good","Tulane University careers","https://tulane-ibqejb.fa.ocs.oraclecloud.com/hcmUI/CandidateExperience/en/sites/CX_1/job/908","2026-05-22","On-site","Not listed","","Data & Analytics title aligns with the target job families.|In-person location is New Orleans.","Verify exact years, degree requirements, and state eligibility on the live application."
"143","tulane-840","Executive Assistant to the TUMG CEO","Tulane University","New Orleans, LA, United States","New Orleans","Administration & Coordination","78","Good","Tulane University careers","https://tulane-ibqejb.fa.ocs.oraclecloud.com/hcmUI/CandidateExperience/en/sites/CX_1/job/840","2026-05-18","On-site","Not listed","","Administration & Coordination title aligns with the target job families.|In-person location is New Orleans.","Verify exact years, degree requirements, and state eligibility on the live application."
"144","tulane-807","Administrative Assistant III","Tulane University","New Orleans, LA, United States","New Orleans","Administration & Coordination","78","Good","Tulane University careers","https://tulane-ibqejb.fa.ocs.oraclecloud.com/hcmUI/CandidateExperience/en/sites/CX_1/job/807","2026-05-14","On-site","Not listed","","Administration & Coordination title aligns with the target job families.|In-person location is New Orleans.","Verify exact years, degree requirements, and state eligibility on the live application."
"145","tulane-130","Developer IV","Tulane University","New Orleans, LA, United States","New Orleans","Software & QA","78","Good","Tulane University careers","https://tulane-ibqejb.fa.ocs.oraclecloud.com/hcmUI/CandidateExperience/en/sites/CX_1/job/130","2026-04-07","Check listing","Not listed","","Software & QA title aligns with the target job families.|In-person location is New Orleans.","Verify exact years, degree requirements, and state eligibility on the live application."
"146","gh-affirm-7730660003","Compliance Analyst II","Affirm","Remote US","Remote","Data & Analytics","77","Good","Employer Greenhouse board","https://job-boards.greenhouse.io/affirm/jobs/7730660003","2026-06-11","Check listing","$100,000 - $150,000","excel|reporting|metrics|Excel","Data & Analytics title aligns with the target job families.|Resume overlap: excel, reporting, metrics.|Technical overlap: Excel.|Explicit USA-remote listing appears compatible with living in New Orleans.","Posting references up to 5 years of experience."
"147","jobicy-146316","Health Information Specialist I","Datavant","USA - Remote","Remote","Administration & Coordination","77","Good","Jobicy","https://jobicy.com/jobs/146316-health-information-specialist-i","2026-06-12","Full-Time","USD 30000-30000 yearly","records|stakeholder|compliance|data entry","Administration & Coordination title aligns with the target job families.|Resume overlap: records, stakeholder, compliance, data entry.|Seniority appears compatible with early-career graduate experience.|Explicit USA-remote listing appears compatible with living in New Orleans.","Posting references up to 18 years of experience."
"148","gh-gitlab-8493970002","G&A Engineer, Netsuite","GitLab","Remote, North America","Remote","Operations & Process","77","Good","Employer Greenhouse board","https://job-boards.greenhouse.io/gitlab/jobs/8493970002","2026-06-05","Check listing","Not listed","operations|process|workflow|efficiency|documentation|reporting|planning|Java|JavaScript|SQL","Responsibilities include transferable operations & process work.|Resume overlap: operations, process, workflow, efficiency, documentation.|Technical overlap: Java, JavaScript, SQL.|Explicit USA-remote listing appears compatible with living in New Orleans.","Verify exact years, degree requirements, and state eligibility on the live application."
"149","ochsner-96476378880","Access Navigator- Remote","Ochsner Health","New Orleans, LA","Remote","Customer & Implementation","77","Good","Ochsner Health careers","https://careers.ochsner.org/job/new-orleans/access-navigator-remote/47519/96476378880","","Full-time","Not listed","","Customer & Implementation title aligns with the target job families.|Explicit USA-remote listing appears compatible with living in New Orleans.","Verify exact years, degree requirements, and state eligibility on the live application."
"150","remotive-2090946","Online Data Analyst United States Spanish speakers","TELUS Digital","USA - Remote","Remote","Data & Analytics","77","Good","Remotive","https://remotive.com/remote-jobs/all-others/online-data-analyst-united-states-spanish-speakers-2090946","2026-06-04","part_time","Not listed","","Data & Analytics title aligns with the target job families.|Explicit USA-remote listing appears compatible with living in New Orleans.","Verify exact years, degree requirements, and state eligibility on the live application."
"151","gh-twilio-7579499","Developer Evangelist","Twilio","Remote - US","Remote","Software & QA","77","Good","Employer Greenhouse board","https://job-boards.greenhouse.io/twilio/jobs/7579499","2026-06-12","Check listing","$128,560 - 160,700","python|java|Python|Java|Excel","Software & QA title aligns with the target job families.|Resume overlap: python, java.|Technical overlap: Python, Java, Excel.|Explicit USA-remote listing appears compatible with living in New Orleans.","Posting references up to 5 years of experience."
"152","remotive-2090903","Data Labeling Specialists","Workada","USA - Remote","Remote","Data & Analytics","77","Good","Remotive","https://remotive.com/remote-jobs/data/data-labeling-specialists-2090903","2026-05-27","freelance","$18 - $22/hr","","Data & Analytics title aligns with the target job families.|Explicit USA-remote listing appears compatible with living in New Orleans.","Verify exact years, degree requirements, and state eligibility on the live application."
"153","gh-vercel-5473266004","Software Engineer, CDN Security","Vercel","Remote - United States","Remote","Software & QA","76","Good","Employer Greenhouse board","https://job-boards.greenhouse.io/vercel/jobs/5473266004","2026-06-01","Check listing","$187,000-$280,000","software","Software & QA title aligns with the target job families.|Resume overlap: software.|Explicit USA-remote listing appears compatible with living in New Orleans.","Posting references up to 3 years of experience; compare the exact requirement."
"154","gh-samsara-7839203","Digital Innovation Co-Op – Supply Chain","Samsara","Remote - US","Remote","Data & Analytics","75","Good","Employer Greenhouse board","https://www.samsara.com/company/careers/roles/7839203?gh_jid=7839203","2026-06-11","Check listing","Not listed","sql|power bi|dashboard|analytics|insights|Python|SQL|Power BI|CRM|dashboards","Responsibilities include transferable data & analytics work.|Resume overlap: sql, power bi, dashboard, analytics, insights.|Technical overlap: Python, SQL, Power BI, CRM, dashboards, automation.|Explicit USA-remote listing appears compatible with living in New Orleans.","Verify exact years, degree requirements, and state eligibility on the live application."
"155","gh-stripe-7826761","Software Engineer, Security Analytics Infrastructure","Stripe","US - Remote","Remote","Data & Analytics","75","Good","Employer Greenhouse board","https://stripe.com/jobs/search?gh_jid=7826761","2026-06-05","Check listing","Not listed","excel|analytics|Python|Excel","Data & Analytics title aligns with the target job families.|Resume overlap: excel, analytics.|Technical overlap: Python, Excel.|Explicit USA-remote listing appears compatible with living in New Orleans.","Posting references up to 5 years of experience."
"156","remotive-1919265","Senior Independent Software Developer","A.Team","Americas, Europe, Israel - Remote","Remote","Software & QA","74","Good","Remotive","https://remotive.com/remote-jobs/software-development/senior-independent-software-developer-1919265","2026-05-16","contract","$90 - $150 /hour","testing|software","Software & QA title aligns with the target job families.|Resume overlap: testing, software.|Explicit USA-remote listing appears compatible with living in New Orleans.","Senior or lead scope should be checked against the required years."
"157","gh-affirm-7732706003","Analytics Lead, Full Stack (Consumer Analytics)","Affirm","Remote US","Remote","Data & Analytics","74","Good","Employer Greenhouse board","https://job-boards.greenhouse.io/affirm/jobs/7732706003","2026-06-09","Check listing","$185,000 - $245,000","sql|dashboard|reporting|analytics|Python|SQL|dashboards","Data & Analytics title aligns with the target job families.|Resume overlap: sql, dashboard, reporting, analytics.|Technical overlap: Python, SQL, dashboards.|Explicit USA-remote listing appears compatible with living in New Orleans.","Posting references up to 7 years of experience.|Senior or lead scope should be checked against the required years."
"158","gh-affirm-7740918003","Analytics Lead, Full Stack (Credit Analytics)","Affirm","Remote US","Remote","Data & Analytics","74","Good","Employer Greenhouse board","https://job-boards.greenhouse.io/affirm/jobs/7740918003","2026-06-09","Check listing","$185,000 - $245,000","sql|analytics|metrics|insights|Python|SQL","Data & Analytics title aligns with the target job families.|Resume overlap: sql, analytics, metrics, insights.|Technical overlap: Python, SQL.|Explicit USA-remote listing appears compatible with living in New Orleans.","Posting references up to 4 years of experience; compare the exact requirement.|Senior or lead scope should be checked against the required years."
"159","gh-affirm-7703207003","Senior Software Engineer, Backend (Continuous Delivery)","Affirm","Remote US","Remote","Software & QA","74","Good","Employer Greenhouse board","https://job-boards.greenhouse.io/affirm/jobs/7703207003","2026-06-09","Check listing","Not listed","python|sql|backend|automation|software|Python|SQL|AWS","Software & QA title aligns with the target job families.|Resume overlap: python, sql, backend, automation, software.|Technical overlap: Python, SQL, AWS, automation.|Explicit USA-remote listing appears compatible with living in New Orleans.","Posting references up to 4 years of experience; compare the exact requirement.|Senior or lead scope should be checked against the required years."
"160","gh-affirm-7636414003","Senior Software Engineer, Backend (Merchant Advocacy)","Affirm","Remote US","Remote","Software & QA","74","Good","Employer Greenhouse board","https://job-boards.greenhouse.io/affirm/jobs/7636414003","2026-06-09","Check listing","Not listed","python|java|sql|backend|software|Python|Java|SQL|Excel|AWS","Software & QA title aligns with the target job families.|Resume overlap: python, java, sql, backend, software.|Technical overlap: Python, Java, SQL, Excel, AWS.|Explicit USA-remote listing appears compatible with living in New Orleans.","Posting references up to 5 years of experience.|Senior or lead scope should be checked against the required years."
"161","gh-affirm-7686804003","Senior Software Engineer, Full Stack (Zero to One Labs)","Affirm","Remote US","Remote","Software & QA","74","Good","Employer Greenhouse board","https://job-boards.greenhouse.io/affirm/jobs/7686804003","2026-06-08","Check listing","$195,000 - $255,000","python|sql|backend|automation|testing|software|Python|SQL|AWS","Software & QA title aligns with the target job families.|Resume overlap: python, sql, backend, automation, testing.|Technical overlap: Python, SQL, AWS, automation.|Explicit USA-remote listing appears compatible with living in New Orleans.","Posting references up to 4 years of experience; compare the exact requirement.|Senior or lead scope should be checked against the required years."
"162","gh-affirm-7663434003","Senior Software Engineer, Fullstack (Consumer Engineering)","Affirm","Remote US","Remote","Software & QA","74","Good","Employer Greenhouse board","https://job-boards.greenhouse.io/affirm/jobs/7663434003","2026-06-08","Check listing","$190,000 - $240,000","python|java|javascript|sql|backend|software|Python|Java|JavaScript|SQL","Software & QA title aligns with the target job families.|Resume overlap: python, java, javascript, sql, backend.|Technical overlap: Python, Java, JavaScript, SQL, AWS.|Explicit USA-remote listing appears compatible with living in New Orleans.","Posting references up to 4 years of experience; compare the exact requirement.|Senior or lead scope should be checked against the required years."
"163","gh-affirm-7758896003","Client Success Lead","Affirm","Remote US","Remote","Customer & Implementation","74","Good","Employer Greenhouse board","https://job-boards.greenhouse.io/affirm/jobs/7758896003","2026-06-03","Check listing","$125,000 - $187,500","customer|client|support|communication|adoption|Excel","Customer & Implementation title aligns with the target job families.|Resume overlap: customer, client, support, communication, adoption.|Technical overlap: Excel.|Explicit USA-remote listing appears compatible with living in New Orleans.","Posting references up to 5 years of experience.|Senior or lead scope should be checked against the required years."
"164","gh-affirm-7686481003","Revenue Operations Lead","Affirm","Remote US","Remote","Operations & Process","74","Good","Employer Greenhouse board","https://job-boards.greenhouse.io/affirm/jobs/7686481003","2026-06-03","Check listing","$130,000 - $180,000","operations|process|workflow|documentation|quality|planning","Operations & Process title aligns with the target job families.|Resume overlap: operations, process, workflow, documentation, quality.|Explicit USA-remote listing appears compatible with living in New Orleans.","Posting references up to 4 years of experience; compare the exact requirement.|Senior or lead scope should be checked against the required years."
"165","gh-affirm-7671388003","Senior CIAM Software Engineer","Affirm","Remote US","Remote","Software & QA","74","Good","Employer Greenhouse board","https://job-boards.greenhouse.io/affirm/jobs/7671388003","2026-06-03","Check listing","$195,000 - $255,000","python|backend|automation|git|software|Python|AWS|Azure|data modeling","Software & QA title aligns with the target job families.|Resume overlap: python, backend, automation, git, software.|Technical overlap: Python, AWS, Azure, data modeling, automation.|Explicit USA-remote listing appears compatible with living in New Orleans.","Posting references up to 5 years of experience.|Senior or lead scope should be checked against the required years."
"166","gh-affirm-7708921003","Senior Software Engineer, Backend (Infrastructure)","Affirm","Remote US","Remote","Cloud & Infrastructure","74","Good","Employer Greenhouse board","https://job-boards.greenhouse.io/affirm/jobs/7708921003","2026-06-03","Check listing","$195,000 - 255,000","aws|cloud|infrastructure|api|monitoring|security|Python|SQL|AWS|automation","Cloud & Infrastructure title aligns with the target job families.|Resume overlap: aws, cloud, infrastructure, api, monitoring.|Technical overlap: Python, SQL, AWS, automation.|Explicit USA-remote listing appears compatible with living in New Orleans.","Posting references up to 4 years of experience; compare the exact requirement.|Senior or lead scope should be checked against the required years."
"167","gh-algolia-5820186004","Senior Software Engineer, Growth (Fullstack)","Algolia","Remote - United States","Remote","Software & QA","74","Good","Employer Greenhouse board","https://job-boards.greenhouse.io/algolia/jobs/5820186004","2026-06-01","Check listing","Not listed","java|javascript|software|Java|JavaScript|AWS","Software & QA title aligns with the target job families.|Resume overlap: java, javascript, software.|Technical overlap: Java, JavaScript, AWS.|Explicit USA-remote listing appears compatible with living in New Orleans.","Senior or lead scope should be checked against the required years."
"168","gh-amplitude-8592656002","Sr. Payroll Analyst","Amplitude","Remote - USA","Remote","Data & Analytics","74","Good","Employer Greenhouse board","https://job-boards.greenhouse.io/amplitude/jobs/8592656002","2026-06-15","Check listing","$107,000 - $161,000","excel|reporting|analytics|insights|Excel|AWS|automation","Data & Analytics title aligns with the target job families.|Resume overlap: excel, reporting, analytics, insights.|Technical overlap: Excel, AWS, automation.|Explicit USA-remote listing appears compatible with living in New Orleans.","Posting references up to 5 years of experience.|Senior or lead scope should be checked against the required years."
"169","gh-calendly-8579321002","Senior Site Reliability Engineer","Calendly","Remote - US","Remote","Cloud & Infrastructure","74","Good","Employer Greenhouse board","https://job-boards.greenhouse.io/calendly/jobs/8579321002","2026-06-04","Check listing","Not listed","linux|cloud|infrastructure|api|monitoring|Python|Linux","Cloud & Infrastructure title aligns with the target job families.|Resume overlap: linux, cloud, infrastructure, api, monitoring.|Technical overlap: Python, Linux.|Explicit USA-remote listing appears compatible with living in New Orleans.","Senior or lead scope should be checked against the required years."
"170","gh-coinbase-7967336","Insider Threat Analyst","Coinbase","Remote - USA","Remote","Data & Analytics","74","Good","Employer Greenhouse board","https://www.coinbase.com/careers/positions/7967336?gh_jid=7967336","2026-06-12","Check listing","Not listed","AWS","Data & Analytics title aligns with the target job families.|Technical overlap: AWS.|Explicit USA-remote listing appears compatible with living in New Orleans.","Posting references up to 3 years of experience; compare the exact requirement."
"171","gh-coinbase-7736521","Senior Analytics Engineer (Platform - Financial Analytics)","Coinbase","Remote - USA","Remote","Data & Analytics","74","Good","Employer Greenhouse board","https://www.coinbase.com/careers/positions/7736521?gh_jid=7736521","2026-06-12","Check listing","Not listed","sql|dashboard|analytics|data model|Python|SQL|AWS|data modeling|dashboards|automation","Data & Analytics title aligns with the target job families.|Resume overlap: sql, dashboard, analytics, data model.|Technical overlap: Python, SQL, AWS, data modeling, dashboards, automation.|Explicit USA-remote listing appears compatible with living in New Orleans.","Posting references up to 5 years of experience.|Senior or lead scope should be checked against the required years."
"172","gh-coinbase-7961183","Senior Payroll Specialist","Coinbase","Remote - USA","Remote","Administration & Coordination","74","Good","Employer Greenhouse board","https://www.coinbase.com/careers/positions/7961183?gh_jid=7961183","2026-06-12","Check listing","Not listed","records|compliance|AWS|automation","Administration & Coordination title aligns with the target job families.|Resume overlap: records, compliance.|Technical overlap: AWS, automation.|Seniority appears compatible with early-career graduate experience.","Senior or lead scope should be checked against the required years."
"173","gh-coinbase-7947120","Senior Compliance Tech Analyst, Platform (Compliance Automation)","Coinbase","Remote - USA","Remote","Data & Analytics","74","Good","Employer Greenhouse board","https://www.coinbase.com/careers/positions/7947120?gh_jid=7947120","2026-06-11","Check listing","Not listed","sql|reporting|analytics|data model|metrics|Python|SQL|AWS|automation","Data & Analytics title aligns with the target job families.|Resume overlap: sql, reporting, analytics, data model, metrics.|Technical overlap: Python, SQL, AWS, automation.|Explicit USA-remote listing appears compatible with living in New Orleans.","Posting references up to 5 years of experience.|Senior or lead scope should be checked against the required years."
"174","gh-coinbase-7997420","Senior Software Engineer - AI Platform Team","Coinbase","Remote - USA","Remote","Cloud & Infrastructure","74","Good","Employer Greenhouse board","https://www.coinbase.com/careers/positions/7997420?gh_jid=7997420","2026-06-11","Check listing","Not listed","aws|cloud|infrastructure|api|security|AWS|automation","Cloud & Infrastructure title aligns with the target job families.|Resume overlap: aws, cloud, infrastructure, api, security.|Technical overlap: AWS, automation.|Explicit USA-remote listing appears compatible with living in New Orleans.","Senior or lead scope should be checked against the required years."
"175","gh-coinbase-7851231","Senior Software Engineer - Data Platform","Coinbase","Remote - USA","Remote","Cloud & Infrastructure","74","Good","Employer Greenhouse board","https://www.coinbase.com/careers/positions/7851231?gh_jid=7851231","2026-06-10","Check listing","Not listed","aws|cloud|infrastructure|monitoring|security|Python|Java|SQL|AWS","Cloud & Infrastructure title aligns with the target job families.|Resume overlap: aws, cloud, infrastructure, monitoring, security.|Technical overlap: Python, Java, SQL, AWS.|Explicit USA-remote listing appears compatible with living in New Orleans.","Posting references up to 5 years of experience.|Senior or lead scope should be checked against the required years."
"176","gh-coinbase-7993006","Senior Finance & Strategy Analyst, Consumer","Coinbase","Remote - USA","Remote","Data & Analytics","74","Good","Employer Greenhouse board","https://www.coinbase.com/careers/positions/7993006?gh_jid=7993006","2026-06-09","Check listing","Not listed","sql|excel|reporting|insights|SQL|Excel|AWS","Data & Analytics title aligns with the target job families.|Resume overlap: sql, excel, reporting, insights.|Technical overlap: SQL, Excel, AWS.|Explicit USA-remote listing appears compatible with living in New Orleans.","Posting references up to 5 years of experience.|Senior or lead scope should be checked against the required years."
"177","gh-coinbase-7483221","Senior Software Engineer (EAA)","Coinbase","Remote - USA","Remote","Software & QA","74","Good","Employer Greenhouse board","https://www.coinbase.com/careers/positions/7483221?gh_jid=7483221","2026-06-09","Check listing","Not listed","sql|automation|testing|software|SQL|AWS","Software & QA title aligns with the target job families.|Resume overlap: sql, automation, testing, software.|Technical overlap: SQL, AWS, automation.|Explicit USA-remote listing appears compatible with living in New Orleans.","Posting references up to 5 years of experience.|Senior or lead scope should be checked against the required years."
"178","gh-coinbase-7847431","Senior Site Reliability Engineer, Core AI Infrastructure","Coinbase","Remote - USA","Remote","Cloud & Infrastructure","74","Good","Employer Greenhouse board","https://www.coinbase.com/careers/positions/7847431?gh_jid=7847431","2026-06-08","Check listing","Not listed","aws|linux|cloud|infrastructure|monitoring|security|Python|Excel|AWS|Linux","Cloud & Infrastructure title aligns with the target job families.|Resume overlap: aws, linux, cloud, infrastructure, monitoring.|Technical overlap: Python, Excel, AWS, Linux, automation, technical documentation.|Explicit USA-remote listing appears compatible with living in New Orleans.","Posting references up to 5 years of experience.|Senior or lead scope should be checked against the required years."
"179","gh-coinbase-7516971","Senior Site Reliability Engineer, Workforce Identity","Coinbase","Remote - USA","Remote","Cloud & Infrastructure","74","Good","Employer Greenhouse board","https://www.coinbase.com/careers/positions/7516971?gh_jid=7516971","2026-06-08","Check listing","Not listed","aws|azure|cloud|infrastructure|monitoring|security|Python|Java|AWS|Azure","Cloud & Infrastructure title aligns with the target job families.|Resume overlap: aws, azure, cloud, infrastructure, monitoring.|Technical overlap: Python, Java, AWS, Azure, automation.|Explicit USA-remote listing appears compatible with living in New Orleans.","Posting references up to 5 years of experience.|Senior or lead scope should be checked against the required years."
"180","entergy-1392349800","Strategic Process Lead, Procurement- Knowledge & Process Excellence","Entergy","New Orleans, Louisiana, United States","New Orleans","Operations & Process","74","Good","Entergy careers","https://jobs.entergy.com/job/New-Orleans-Strategic-Process-Lead%2C-Procurement-Knowledge-&-Process-Excellence-Loui/1392349800/","","Corporate","Not listed","process|Excel","Operations & Process title aligns with the target job families.|Resume overlap: process.|Technical overlap: Excel.|In-person location is New Orleans.","Senior or lead scope should be checked against the required years."
"181","remotive-2090949","High-Ticket Financial Sales Specialist & Team Lead Track","FSE LLC","Worldwide - Remote","Remote","Administration & Coordination","74","Good","Remotive","https://remotive.com/remote-jobs/sales/high-ticket-financial-sales-specialist-team-lead-track-2090949","2026-06-09","full_time","$3k - $10k","Excel","Administration & Coordination title aligns with the target job families.|Technical overlap: Excel.|Seniority appears compatible with early-career graduate experience.|Explicit USA-remote listing appears compatible with living in New Orleans.","Senior or lead scope should be checked against the required years."
"182","gh-gitlab-8588547002","Senior TA Operations Specialist","GitLab","Remote, US","Remote","Operations & Process","74","Good","Employer Greenhouse board","https://job-boards.greenhouse.io/gitlab/jobs/8588547002","2026-06-15","Check listing","Not listed","operations|process|workflow|efficiency|documentation|reporting|coordination|planning|dashboards|automation","Operations & Process title aligns with the target job families.|Resume overlap: operations, process, workflow, efficiency, documentation.|Technical overlap: dashboards, automation.|Seniority appears compatible with early-career graduate experience.","Senior or lead scope should be checked against the required years."
"183","gh-gitlab-8521599002","Senior FP&A Analyst, Corporate Finance","GitLab","Remote, Canada; Remote, US","Remote","Data & Analytics","74","Good","Employer Greenhouse board","https://job-boards.greenhouse.io/gitlab/jobs/8521599002","2026-06-05","Check listing","Not listed","reporting|insights|automation","Data & Analytics title aligns with the target job families.|Resume overlap: reporting, insights.|Technical overlap: automation.|Explicit USA-remote listing appears compatible with living in New Orleans.","Senior or lead scope should be checked against the required years."
"184","gh-grafanalabs-6014246004","Senior Executive Assistant, Global Customer Solutions | United States | PST or MST | Remote","Grafana Labs","United States (Remote)","Remote","Administration & Coordination","74","Good","Employer Greenhouse board","https://job-boards.greenhouse.io/grafanalabs/jobs/6014246004","2026-06-05","Check listing","$127,000 - $153,000","coordination|reporting|stakeholder|Excel|automation","Administration & Coordination title aligns with the target job families.|Resume overlap: coordination, reporting, stakeholder.|Technical overlap: Excel, automation.|Explicit USA-remote listing appears compatible with living in New Orleans.","Senior or lead scope should be checked against the required years."
"185","gh-grafanalabs-5995397004","Senior Software Engineer - OpenTelemetry | US | Remote","Grafana Labs","United States (Remote)","Remote","Software & QA","74","Good","Employer Greenhouse board","https://job-boards.greenhouse.io/grafanalabs/jobs/5995397004","2026-05-22","Check listing","Not listed","java|backend|git|software|Java","Software & QA title aligns with the target job families.|Resume overlap: java, backend, git, software.|Technical overlap: Java.|Explicit USA-remote listing appears compatible with living in New Orleans.","Senior or lead scope should be checked against the required years."
"186","gh-instacart-7783158","Senior Data Analyst","Instacart","United States - Remote","Remote","Data & Analytics","74","Good","Employer Greenhouse board","https://instacart.careers/job/?gh_jid=7783158","2026-06-10","Check listing","Not listed","sql|dashboard|reporting|analytics|data model|insights|Python|SQL|AWS|dashboards","Data & Analytics title aligns with the target job families.|Resume overlap: sql, dashboard, reporting, analytics, data model.|Technical overlap: Python, SQL, AWS, dashboards, automation.|Explicit USA-remote listing appears compatible with living in New Orleans.","Posting references up to 5 years of experience.|Senior or lead scope should be checked against the required years."
"187","gh-instacart-7958121","Senior People Data Scientist","Instacart","United States - Remote","Remote","Data & Analytics","74","Good","Employer Greenhouse board","https://instacart.careers/job/?gh_jid=7958121","2026-06-09","Check listing","Not listed","sql|dashboard|reporting|analytics|metrics|insights|SQL|dashboards","Data & Analytics title aligns with the target job families.|Resume overlap: sql, dashboard, reporting, analytics, metrics.|Technical overlap: SQL, dashboards.|Explicit USA-remote listing appears compatible with living in New Orleans.","Posting references up to 5 years of experience.|Senior or lead scope should be checked against the required years."
"188","gh-instacart-7495338","Ads AI Analytics Lead II","Instacart","United States - Remote","Remote","Data & Analytics","74","Good","Employer Greenhouse board","https://instacart.careers/job/?gh_jid=7495338","2026-06-08","Check listing","Not listed","sql|power bi|analytics|data model|metrics|insights|Python|SQL|Power BI|data modeling","Data & Analytics title aligns with the target job families.|Resume overlap: sql, power bi, analytics, data model, metrics.|Technical overlap: Python, SQL, Power BI, data modeling, automation.|Explicit USA-remote listing appears compatible with living in New Orleans.","Posting references up to 6 years of experience.|Senior or lead scope should be checked against the required years."
"189","gh-instacart-7793089","Senior Machine Learning Engineer, Operations Research","Instacart","United States - Remote","Remote","Operations & Process","74","Good","Employer Greenhouse board","https://instacart.careers/job/?gh_jid=7793089","2026-06-03","Check listing","Not listed","operations|efficiency|quality|Python|SQL","Operations & Process title aligns with the target job families.|Resume overlap: operations, efficiency, quality.|Technical overlap: Python, SQL.|Explicit USA-remote listing appears compatible with living in New Orleans.","Posting references up to 3 years of experience; compare the exact requirement.|Senior or lead scope should be checked against the required years."
"190","gh-instacart-7979781","Senior Software Engineer II — Self-Serve Productivity","Instacart","United States - Remote","Remote","Software & QA","74","Good","Employer Greenhouse board","https://instacart.careers/job/?gh_jid=7979781","2026-06-03","Check listing","Not listed","python|sql|backend|software|Python|SQL|Excel","Software & QA title aligns with the target job families.|Resume overlap: python, sql, backend, software.|Technical overlap: Python, SQL, Excel.|Explicit USA-remote listing appears compatible with living in New Orleans.","Posting references up to 7 years of experience.|Senior or lead scope should be checked against the required years."
"191","gh-instacart-4949339","Senior Data Scientist (I & II)","Instacart","United States - Remote","Remote","Data & Analytics","74","Good","Employer Greenhouse board","https://instacart.careers/job/?gh_jid=4949339","2026-06-01","Check listing","Not listed","sql|dashboard|analytics|metrics|Python|SQL|dashboards","Data & Analytics title aligns with the target job families.|Resume overlap: sql, dashboard, analytics, metrics.|Technical overlap: Python, SQL, dashboards.|Explicit USA-remote listing appears compatible with living in New Orleans.","Posting references up to 5 years of experience.|Senior or lead scope should be checked against the required years."
"192","gh-instacart-7951060","Senior Software Engineer II, Core Experience","Instacart","United States - Remote","Remote","Software & QA","74","Good","Employer Greenhouse board","https://instacart.careers/job/?gh_jid=7951060","2026-05-29","Check listing","Not listed","sql|backend|testing|git|software|SQL|Excel","Software & QA title aligns with the target job families.|Resume overlap: sql, backend, testing, git, software.|Technical overlap: SQL, Excel.|Explicit USA-remote listing appears compatible with living in New Orleans.","Posting references up to 5 years of experience.|Senior or lead scope should be checked against the required years."
"193","gh-instacart-7951096","Senior Software Engineer II, Storage","Instacart","United States - Remote","Remote","Software & QA","74","Good","Employer Greenhouse board","https://instacart.careers/job/?gh_jid=7951096","2026-05-29","Check listing","Not listed","python|sql|backend|automation|testing|software|Python|SQL|Excel","Software & QA title aligns with the target job families.|Resume overlap: python, sql, backend, automation, testing.|Technical overlap: Python, SQL, Excel, automation.|Explicit USA-remote listing appears compatible with living in New Orleans.","Posting references up to 5 years of experience.|Senior or lead scope should be checked against the required years."
"194","gh-instacart-7951118","Senior Software Engineer, Storage","Instacart","United States - Remote","Remote","Software & QA","74","Good","Employer Greenhouse board","https://instacart.careers/job/?gh_jid=7951118","2026-05-29","Check listing","Not listed","python|backend|automation|testing|software|Python|Excel","Software & QA title aligns with the target job families.|Resume overlap: python, backend, automation, testing, software.|Technical overlap: Python, Excel, automation.|Explicit USA-remote listing appears compatible with living in New Orleans.","Posting references up to 4 years of experience; compare the exact requirement.|Senior or lead scope should be checked against the required years."
"195","gh-instacart-7958329","Senior Financial Analyst, Retailer","Instacart","United States - Remote","Remote","Data & Analytics","74","Good","Employer Greenhouse board","https://instacart.careers/job/?gh_jid=7958329","2026-05-26","Check listing","Not listed","sql|excel|dashboard|insights|Python|SQL|Excel|dashboards","Data & Analytics title aligns with the target job families.|Resume overlap: sql, excel, dashboard, insights.|Technical overlap: Python, SQL, Excel, dashboards.|Explicit USA-remote listing appears compatible with living in New Orleans.","Posting references up to 4 years of experience; compare the exact requirement.|Senior or lead scope should be checked against the required years."
"196","gh-instacart-7819163","Senior Data Scientist - Shopping Experience (Search)","Instacart","United States - Remote","Remote","Data & Analytics","74","Good","Employer Greenhouse board","https://instacart.careers/job/?gh_jid=7819163","2026-05-18","Check listing","Not listed","sql|excel|analytics|metrics|insights|Python|SQL|Excel","Data & Analytics title aligns with the target job families.|Resume overlap: sql, excel, analytics, metrics, insights.|Technical overlap: Python, SQL, Excel.|Explicit USA-remote listing appears compatible with living in New Orleans.","Posting references up to 5 years of experience.|Senior or lead scope should be checked against the required years."
"197","gh-instacart-7868486","Senior Financial Analyst - Instacart Business","Instacart","United States - Remote","Remote","Data & Analytics","74","Good","Employer Greenhouse board","https://instacart.careers/job/?gh_jid=7868486","2026-05-18","Check listing","Not listed","sql|excel|reporting|insights|SQL|Excel","Data & Analytics title aligns with the target job families.|Resume overlap: sql, excel, reporting, insights.|Technical overlap: SQL, Excel.|Explicit USA-remote listing appears compatible with living in New Orleans.","Posting references up to 4 years of experience; compare the exact requirement.|Senior or lead scope should be checked against the required years."
"198","gh-instacart-7896276","Senior Strategic Financial Analyst – Growth","Instacart","United States - Remote","Remote","Data & Analytics","74","Good","Employer Greenhouse board","https://instacart.careers/job/?gh_jid=7896276","2026-05-18","Check listing","Not listed","sql|excel|dashboard|reporting|metrics|insights|SQL|Excel|dashboards","Data & Analytics title aligns with the target job families.|Resume overlap: sql, excel, dashboard, reporting, metrics.|Technical overlap: SQL, Excel, dashboards.|Explicit USA-remote listing appears compatible with living in New Orleans.","Posting references up to 3 years of experience; compare the exact requirement.|Senior or lead scope should be checked against the required years."
"199","remotive-2088711","Senior Full-stack React Developer","Lemon.io","Americas, Europe, Asia, Oceania - Remote","Remote","Software & QA","74","Good","Remotive","https://remotive.com/remote-jobs/software-development/senior-full-stack-react-developer-2088711","2026-05-15","contract","Not listed","python|java|javascript|backend|automation|software|Python|Java|JavaScript|AWS","Software & QA title aligns with the target job families.|Resume overlap: python, java, javascript, backend, automation.|Technical overlap: Python, Java, JavaScript, AWS, Azure, automation.|Explicit USA-remote listing appears compatible with living in New Orleans.","Posting references up to 5 years of experience.|Senior or lead scope should be checked against the required years."
"200","gh-pagerduty-6006599004","Senior Sales Strategy and Operations Analyst","PagerDuty","Remote (USA)","Remote","Operations & Process","74","Good","Employer Greenhouse board","https://job-boards.greenhouse.io/pagerduty/jobs/6006599004","2026-06-05","Check listing","$99,000.00 - $149,600.00","operations|process|workflow|efficiency|reporting|quality|planning|continuous improvement|SQL|Excel","Operations & Process title aligns with the target job families.|Resume overlap: operations, process, workflow, efficiency, reporting.|Technical overlap: SQL, Excel, AWS, dashboards, automation.|Explicit USA-remote listing appears compatible with living in New Orleans.","Posting references up to 5 years of experience.|Senior or lead scope should be checked against the required years."
"201","gh-reddit-7445224","Senior Analytics Engineer","Reddit","Remote - United States","Remote","Data & Analytics","74","Good","Employer Greenhouse board","https://job-boards.greenhouse.io/reddit/jobs/7445224","2026-06-15","Check listing","Not listed","sql|excel|dashboard|reporting|analytics|data model|database|Python|SQL|Excel","Data & Analytics title aligns with the target job families.|Resume overlap: sql, excel, dashboard, reporting, analytics.|Technical overlap: Python, SQL, Excel, data modeling, dashboards, automation.|Explicit USA-remote listing appears compatible with living in New Orleans.","Posting references up to 5 years of experience.|Senior or lead scope should be checked against the required years."
"202","gh-reddit-6909091","Senior Software Engineer, Ads","Reddit","Remote - United States","Remote","Software & QA","74","Good","Employer Greenhouse board","https://job-boards.greenhouse.io/reddit/jobs/6909091","2026-06-01","Check listing","Not listed","python|java|backend|software|Python|Java|dashboards","Software & QA title aligns with the target job families.|Resume overlap: python, java, backend, software.|Technical overlap: Python, Java, dashboards.|Explicit USA-remote listing appears compatible with living in New Orleans.","Posting references up to 5 years of experience.|Senior or lead scope should be checked against the required years."
"203","gh-reddit-7275414","Senior Data Scientist, Consumer","Reddit","Remote - United States","Remote","Data & Analytics","74","Good","Employer Greenhouse board","https://job-boards.greenhouse.io/reddit/jobs/7275414","2026-05-28","Check listing","Not listed","sql|excel|dashboard|database|metrics|insights|Python|SQL|Excel|dashboards","Data & Analytics title aligns with the target job families.|Resume overlap: sql, excel, dashboard, database, metrics.|Technical overlap: Python, SQL, Excel, dashboards.|Explicit USA-remote listing appears compatible with living in New Orleans.","Posting references up to 5 years of experience.|Senior or lead scope should be checked against the required years."
"204","gh-reddit-6042236","Senior Data Scientist, Ads","Reddit","Remote - United States","Remote","Data & Analytics","74","Good","Employer Greenhouse board","https://job-boards.greenhouse.io/reddit/jobs/6042236","2026-05-14","Check listing","Not listed","sql|excel|database|metrics|insights|Python|SQL|Excel","Data & Analytics title aligns with the target job families.|Resume overlap: sql, excel, database, metrics, insights.|Technical overlap: Python, SQL, Excel.|Explicit USA-remote listing appears compatible with living in New Orleans.","Posting references up to 5 years of experience.|Senior or lead scope should be checked against the required years."
"205","gh-reddit-7902277","Senior Software Engineer, Compute Platform","Reddit","Remote - United States","Remote","Cloud & Infrastructure","74","Good","Employer Greenhouse board","https://job-boards.greenhouse.io/reddit/jobs/7902277","2026-05-14","Check listing","Not listed","linux|cloud|infrastructure|api|Excel|Linux","Cloud & Infrastructure title aligns with the target job families.|Resume overlap: linux, cloud, infrastructure, api.|Technical overlap: Excel, Linux.|Explicit USA-remote listing appears compatible with living in New Orleans.","Posting references up to 4 years of experience; compare the exact requirement.|Senior or lead scope should be checked against the required years."
"206","gh-reddit-7753480","Senior Software Engineer, GenAI Platform","Reddit","Remote - United States","Remote","Cloud & Infrastructure","74","Good","Employer Greenhouse board","https://job-boards.greenhouse.io/reddit/jobs/7753480","2026-05-14","Check listing","Not listed","aws|google cloud|cloud|infrastructure|api|monitoring|Python|Excel|AWS|Google Cloud","Cloud & Infrastructure title aligns with the target job families.|Resume overlap: aws, google cloud, cloud, infrastructure, api.|Technical overlap: Python, Excel, AWS, Google Cloud, automation.|Explicit USA-remote listing appears compatible with living in New Orleans.","Posting references up to 5 years of experience.|Senior or lead scope should be checked against the required years."
"207","gh-reddit-7895408","Senior Software Engineer, Reddit Pro - Publishers","Reddit","Remote - United States","Remote","Software & QA","74","Good","Employer Greenhouse board","https://job-boards.greenhouse.io/reddit/jobs/7895408","2026-05-14","Check listing","Not listed","python|java|backend|software|Python|Java|Excel","Software & QA title aligns with the target job families.|Resume overlap: python, java, backend, software.|Technical overlap: Python, Java, Excel.|Explicit USA-remote listing appears compatible with living in New Orleans.","Posting references up to 5 years of experience.|Senior or lead scope should be checked against the required years."
"208","gh-samsara-7822470","Senior Training Specialist","Samsara","Remote - US","Remote","Administration & Coordination","74","Good","Employer Greenhouse board","https://www.samsara.com/company/careers/roles/7822470?gh_jid=7822470","2026-06-15","Check listing","Not listed","stakeholder|Excel","Administration & Coordination title aligns with the target job families.|Resume overlap: stakeholder.|Technical overlap: Excel.|Seniority appears compatible with early-career graduate experience.","Posting references up to 4 years of experience; compare the exact requirement.|Senior or lead scope should be checked against the required years."
"209","gh-samsara-7859702","Senior Data Engineer I","Samsara","Remote - US","Remote","Data & Analytics","74","Good","Employer Greenhouse board","https://www.samsara.com/company/careers/roles/7859702?gh_jid=7859702","2026-06-11","Check listing","Not listed","sql|dashboard|analytics|data model|metrics|insights|Python|SQL|AWS|Azure","Data & Analytics title aligns with the target job families.|Resume overlap: sql, dashboard, analytics, data model, metrics.|Technical overlap: Python, SQL, AWS, Azure, REST APIs.|Explicit USA-remote listing appears compatible with living in New Orleans.","Posting references up to 4 years of experience; compare the exact requirement.|Senior or lead scope should be checked against the required years."
"210","gh-samsara-7266471","Senior Machine Learning Engineer - Platform","Samsara","Remote - US","Remote","Cloud & Infrastructure","74","Good","Employer Greenhouse board","https://www.samsara.com/company/careers/roles/7266471?gh_jid=7266471","2026-06-11","Check listing","Not listed","aws|azure|cloud|infrastructure|api|monitoring|AWS|Azure","Cloud & Infrastructure title aligns with the target job families.|Resume overlap: aws, azure, cloud, infrastructure, api.|Technical overlap: AWS, Azure.|Explicit USA-remote listing appears compatible with living in New Orleans.","Posting references up to 6 years of experience.|Senior or lead scope should be checked against the required years."
"211","gh-samsara-7555223","Senior Sales Operations Analyst","Samsara","Remote - US","Remote","Operations & Process","74","Good","Employer Greenhouse board","https://www.samsara.com/company/careers/roles/7555223?gh_jid=7555223","2026-06-11","Check listing","Not listed","operations|process|workflow|efficiency|reporting|coordination|Excel|dashboards|automation","Operations & Process title aligns with the target job families.|Resume overlap: operations, process, workflow, efficiency, reporting.|Technical overlap: Excel, dashboards, automation.|Explicit USA-remote listing appears compatible with living in New Orleans.","Posting references up to 6 years of experience.|Senior or lead scope should be checked against the required years."
"212","gh-samsara-7847219","Senior Software Engineer - Connected Workflows","Samsara","Remote - US","Remote","Software & QA","74","Good","Employer Greenhouse board","https://www.samsara.com/company/careers/roles/7847219?gh_jid=7847219","2026-06-11","Check listing","Not listed","java|backend|automation|testing|git|software|Java|Excel","Software & QA title aligns with the target job families.|Resume overlap: java, backend, automation, testing, git.|Technical overlap: Java, Excel, automation.|Explicit USA-remote listing appears compatible with living in New Orleans.","Posting references up to 5 years of experience.|Senior or lead scope should be checked against the required years."
"213","gh-samsara-7922530","Senior Software Engineer - Data Platform","Samsara","Remote - US","Remote","Data & Analytics","74","Good","Employer Greenhouse board","https://www.samsara.com/company/careers/roles/7922530?gh_jid=7922530","2026-06-11","Check listing","Not listed","sql|excel|dashboard|analytics|metrics|insights|Python|Java|SQL|Excel","Data & Analytics title aligns with the target job families.|Resume overlap: sql, excel, dashboard, analytics, metrics.|Technical overlap: Python, Java, SQL, Excel, AWS, dashboards.|Explicit USA-remote listing appears compatible with living in New Orleans.","Posting references up to 4 years of experience; compare the exact requirement.|Senior or lead scope should be checked against the required years."
"214","gh-samsara-7569229","Senior Software Engineer - Route Execution","Samsara","Remote - US","Remote","Software & QA","74","Good","Employer Greenhouse board","https://www.samsara.com/company/careers/roles/7569229?gh_jid=7569229","2026-06-11","Check listing","Not listed","backend|git|software|Excel","Software & QA title aligns with the target job families.|Resume overlap: backend, git, software.|Technical overlap: Excel.|Explicit USA-remote listing appears compatible with living in New Orleans.","Posting references up to 4 years of experience; compare the exact requirement.|Senior or lead scope should be checked against the required years."
"215","gh-samsara-7356410","Senior Software Engineer I - Agent Foundations","Samsara","Remote - US","Remote","Software & QA","74","Good","Employer Greenhouse board","https://www.samsara.com/company/careers/roles/7356410?gh_jid=7356410","2026-06-11","Check listing","Not listed","python|backend|automation|testing|git|software|Python","Software & QA title aligns with the target job families.|Resume overlap: python, backend, automation, testing, git.|Technical overlap: Python, automation.|Explicit USA-remote listing appears compatible with living in New Orleans.","Posting references up to 4 years of experience; compare the exact requirement.|Senior or lead scope should be checked against the required years."
"216","gh-samsara-7592390","Sr. Analyst, Sales Operations","Samsara","Remote - US","Remote","Operations & Process","74","Good","Employer Greenhouse board","https://www.samsara.com/company/careers/roles/7592390?gh_jid=7592390","2026-06-11","Check listing","Not listed","operations|process|workflow|efficiency|quality|CRM","Operations & Process title aligns with the target job families.|Resume overlap: operations, process, workflow, efficiency, quality.|Technical overlap: CRM.|Explicit USA-remote listing appears compatible with living in New Orleans.","Posting references up to 4 years of experience; compare the exact requirement.|Senior or lead scope should be checked against the required years."
"217","tulane-1103","Senior Credentialing Coordinator","Tulane University","New Orleans, LA, United States","New Orleans","Administration & Coordination","74","Good","Tulane University careers","https://tulane-ibqejb.fa.ocs.oraclecloud.com/hcmUI/CandidateExperience/en/sites/CX_1/job/1103","2026-06-15","On-site","Not listed","","Administration & Coordination title aligns with the target job families.|Seniority appears compatible with early-career graduate experience.|In-person location is New Orleans.","Senior or lead scope should be checked against the required years."
"218","tulane-1034","Senior Research Compliance Coordinator","Tulane University","New Orleans, LA, United States","New Orleans","Administration & Coordination","74","Good","Tulane University careers","https://tulane-ibqejb.fa.ocs.oraclecloud.com/hcmUI/CandidateExperience/en/sites/CX_1/job/1034","2026-06-15","On-site","Not listed","compliance","Administration & Coordination title aligns with the target job families.|Resume overlap: compliance.|Seniority appears compatible with early-career graduate experience.|In-person location is New Orleans.","Senior or lead scope should be checked against the required years."
"219","tulane-1036","Senior Research Data Coordinator","Tulane University","New Orleans, LA, United States","New Orleans","Data & Analytics","74","Good","Tulane University careers","https://tulane-ibqejb.fa.ocs.oraclecloud.com/hcmUI/CandidateExperience/en/sites/CX_1/job/1036","2026-06-12","On-site","Not listed","","Data & Analytics title aligns with the target job families.|Seniority appears compatible with early-career graduate experience.|In-person location is New Orleans.","Senior or lead scope should be checked against the required years."
"220","tulane-1075","Project Delivery Lead III","Tulane University","New Orleans, LA, United States","New Orleans","Project & Program","74","Good","Tulane University careers","https://tulane-ibqejb.fa.ocs.oraclecloud.com/hcmUI/CandidateExperience/en/sites/CX_1/job/1075","2026-06-10","On-site","Not listed","project|delivery","Project & Program title aligns with the target job families.|Resume overlap: project, delivery.|In-person location is New Orleans.","Senior or lead scope should be checked against the required years."
"221","tulane-1046","Senior Research Specialist","Tulane University","New Orleans, LA, United States","New Orleans","Administration & Coordination","74","Good","Tulane University careers","https://tulane-ibqejb.fa.ocs.oraclecloud.com/hcmUI/CandidateExperience/en/sites/CX_1/job/1046","2026-06-10","On-site","Not listed","","Administration & Coordination title aligns with the target job families.|Seniority appears compatible with early-career graduate experience.|In-person location is New Orleans.","Senior or lead scope should be checked against the required years."
"222","tulane-988","Senior Advancement Coordinator, Major Gifts, School of Law","Tulane University","New Orleans, LA, United States","New Orleans","Administration & Coordination","74","Good","Tulane University careers","https://tulane-ibqejb.fa.ocs.oraclecloud.com/hcmUI/CandidateExperience/en/sites/CX_1/job/988","2026-06-03","On-site","Not listed","","Administration & Coordination title aligns with the target job families.|Seniority appears compatible with early-career graduate experience.|In-person location is New Orleans.","Senior or lead scope should be checked against the required years."
"223","tulane-545","Senior Administrative Program Coordinator","Tulane University","New Orleans, LA, United States","New Orleans","Project & Program","74","Good","Tulane University careers","https://tulane-ibqejb.fa.ocs.oraclecloud.com/hcmUI/CandidateExperience/en/sites/CX_1/job/545","2026-04-23","On-site","Not listed","program","Project & Program title aligns with the target job families.|Resume overlap: program.|Seniority appears compatible with early-career graduate experience.|In-person location is New Orleans.","Senior or lead scope should be checked against the required years."
"224","tulane-39","Senior Advancement Coordinator, Annual Giving","Tulane University","New Orleans, LA, United States","New Orleans","Administration & Coordination","74","Good","Tulane University careers","https://tulane-ibqejb.fa.ocs.oraclecloud.com/hcmUI/CandidateExperience/en/sites/CX_1/job/39","2026-03-26","On-site","Not listed","","Administration & Coordination title aligns with the target job families.|Seniority appears compatible with early-career graduate experience.|In-person location is New Orleans.","Senior or lead scope should be checked against the required years."
"225","gh-twilio-7474040","Senior Infrastructure Engineer","Twilio","Remote - US","Remote","Cloud & Infrastructure","74","Good","Employer Greenhouse board","https://job-boards.greenhouse.io/twilio/jobs/7474040","2026-06-13","Check listing","$141,520 - 176,900","aws|cloud|infrastructure|api|security|Excel|AWS","Cloud & Infrastructure title aligns with the target job families.|Resume overlap: aws, cloud, infrastructure, api, security.|Technical overlap: Excel, AWS.|Explicit USA-remote listing appears compatible with living in New Orleans.","Posting references up to 6 years of experience.|Senior or lead scope should be checked against the required years."
"226","gh-twilio-7595407","Senior Software Engineer","Twilio","Remote - US","Remote","Software & QA","74","Good","Employer Greenhouse board","https://job-boards.greenhouse.io/twilio/jobs/7595407","2026-06-13","Check listing","$138,700 - 173,400","java|javascript|automation|software|Java|JavaScript|Excel","Software & QA title aligns with the target job families.|Resume overlap: java, javascript, automation, software.|Technical overlap: Java, JavaScript, Excel, automation.|Explicit USA-remote listing appears compatible with living in New Orleans.","Posting references up to 6 years of experience.|Senior or lead scope should be checked against the required years."
"227","gh-twilio-7738955","Senior Software Engineer (L3) - Full Stack","Twilio","Remote - US","Remote","Software & QA","74","Good","Employer Greenhouse board","https://job-boards.greenhouse.io/twilio/jobs/7738955","2026-06-12","Check listing","$141,520.00 - $176,900.00","java|javascript|rest api|backend|automation|testing|git|software|Java|JavaScript","Software & QA title aligns with the target job families.|Resume overlap: java, javascript, rest api, backend, automation.|Technical overlap: Java, JavaScript, AWS, REST APIs, automation.|Explicit USA-remote listing appears compatible with living in New Orleans.","Posting references up to 5 years of experience.|Senior or lead scope should be checked against the required years."
"228","gh-vercel-5788954004","Senior Software Engineer, Trust & Safety","Vercel","Remote - United States","Remote","Software & QA","74","Good","Employer Greenhouse board","https://job-boards.greenhouse.io/vercel/jobs/5788954004","2026-06-02","Check listing","$208,000 - $312,000","python|java|javascript|software|Python|Java|JavaScript|AWS","Software & QA title aligns with the target job families.|Resume overlap: python, java, javascript, software.|Technical overlap: Python, Java, JavaScript, AWS.|Explicit USA-remote listing appears compatible with living in New Orleans.","Posting references up to 5 years of experience.|Senior or lead scope should be checked against the required years."
"229","gh-coinbase-7961318","Senior Software Engineer","Coinbase","Remote - USA","Remote","Software & QA","73","Good","Employer Greenhouse board","https://www.coinbase.com/careers/positions/7961318?gh_jid=7961318","2026-06-12","Check listing","Not listed","backend|automation|testing|software|AWS","Software & QA title aligns with the target job families.|Resume overlap: backend, automation, testing, software.|Technical overlap: AWS, automation.|Explicit USA-remote listing appears compatible with living in New Orleans.","Posting references up to 5 years of experience.|Senior or lead scope should be checked against the required years."
"230","gh-gitlab-8548545002","Senior AI Engineer","GitLab","Remote, US","Remote","Software & QA","73","Good","Employer Greenhouse board","https://job-boards.greenhouse.io/gitlab/jobs/8548545002","2026-06-05","Check listing","Not listed","python|java|javascript|rest api|automation|git|software|Python|Java|JavaScript","Responsibilities include transferable software & qa work.|Resume overlap: python, java, javascript, rest api, automation.|Technical overlap: Python, Java, JavaScript, REST APIs, CRM, automation.|Explicit USA-remote listing appears compatible with living in New Orleans.","Senior or lead scope should be checked against the required years."
"231","gh-grafanalabs-5979012004","Senior Software Engineer - Observability Real User Monitoring (RUM) | US | Remote","Grafana Labs","United States (Remote)","Remote","Software & QA","73","Good","Employer Greenhouse board","https://job-boards.greenhouse.io/grafanalabs/jobs/5979012004","2026-06-11","Check listing","$154,445 - $185,334","backend|testing|software|AWS|Azure|data modeling|dashboards","Software & QA title aligns with the target job families.|Resume overlap: backend, testing, software.|Technical overlap: AWS, Azure, data modeling, dashboards.|Explicit USA-remote listing appears compatible with living in New Orleans.","Posting references up to 5 years of experience.|Senior or lead scope should be checked against the required years."
"232","gh-reddit-7976852","Senior Software Engineer - Full Stack Internal Tooling (Build and Deployment Platform)","Reddit","Remote - United States","Remote","Cloud & Infrastructure","73","Good","Employer Greenhouse board","https://job-boards.greenhouse.io/reddit/jobs/7976852","2026-06-15","Check listing","Not listed","aws|cloud|infrastructure|api|Excel|AWS","Cloud & Infrastructure title aligns with the target job families.|Resume overlap: aws, cloud, infrastructure, api.|Technical overlap: Excel, AWS.|Explicit USA-remote listing appears compatible with living in New Orleans.","Posting references up to 5 years of experience.|Senior or lead scope should be checked against the required years."
"233","jobicy-146203","Advisory Engineer, Hardware HPSC","RICOH","USA - Remote","Remote","Project & Program","73","Good","Jobicy","https://jobicy.com/jobs/146203-advisory-engineer-hardware-hpsc","2026-06-11","Full-Time","Not listed","project|program|workflow|process|documentation|delivery|Python|Excel|Linux|automation","Responsibilities include transferable project & program work.|Resume overlap: project, program, workflow, process, documentation.|Technical overlap: Python, Excel, Linux, automation.|Explicit USA-remote listing appears compatible with living in New Orleans.","Verify exact years, degree requirements, and state eligibility on the live application."
"234","gh-samsara-7449097","Specialist Seller - Core, Enterprise","Samsara","Remote - US","Remote","Administration & Coordination","73","Good","Employer Greenhouse board","https://www.samsara.com/company/careers/roles/7449097?gh_jid=7449097","2026-06-11","Check listing","Not listed","","Administration & Coordination title aligns with the target job families.|Seniority appears compatible with early-career graduate experience.|Explicit USA-remote listing appears compatible with living in New Orleans.","Posting references up to 5 years of experience."
"235","gh-samsara-7292081","Specialist Seller - Enterprise","Samsara","Remote - US","Remote","Administration & Coordination","73","Good","Employer Greenhouse board","https://www.samsara.com/company/careers/roles/7292081?gh_jid=7292081","2026-06-09","Check listing","Not listed","","Administration & Coordination title aligns with the target job families.|Seniority appears compatible with early-career graduate experience.|Explicit USA-remote listing appears compatible with living in New Orleans.","Posting references up to 5 years of experience."
"236","gh-twilio-7926883","Software Engineer (L3)","Twilio","Remote - US","Remote","Software & QA","73","Good","Employer Greenhouse board","https://job-boards.greenhouse.io/twilio/jobs/7926883","2026-06-13","Check listing","$141,520 - 176,900","backend|software|Excel","Software & QA title aligns with the target job families.|Resume overlap: backend, software.|Technical overlap: Excel.|Explicit USA-remote listing appears compatible with living in New Orleans.","Posting references up to 6 years of experience."
"237","gh-twilio-7702644","Machine Learning Engineer","Twilio","Remote - US","Remote","Cloud & Infrastructure","73","Good","Employer Greenhouse board","https://job-boards.greenhouse.io/twilio/jobs/7702644","2026-06-12","Check listing","$155,520.00 - $194,400.00","aws|azure|cloud|infrastructure|api|monitoring|security|Python|Java|SQL","Responsibilities include transferable cloud & infrastructure work.|Resume overlap: aws, azure, cloud, infrastructure, api.|Technical overlap: Python, Java, SQL, Excel, AWS, Azure.|Explicit USA-remote listing appears compatible with living in New Orleans.","Posting references up to 5 years of experience."
"238","jobicy-146260","Software Developer Sr. – AI-Native .NET/ Azure (Cloud Platform)","Dayforce","USA - Remote","Remote","Software & QA","72","Good","Jobicy","https://jobicy.com/jobs/146260-software-developer-sr-ai-native-net-azure-cloud-platform","2026-06-12","Full-Time","USD 95100-169800 yearly","java|sql|backend|automation|testing|git|software|Java|SQL|Excel","Software & QA title aligns with the target job families.|Resume overlap: java, sql, backend, automation, testing.|Technical overlap: Java, SQL, Excel, Azure, automation.|Explicit USA-remote listing appears compatible with living in New Orleans.","Senior or lead scope should be checked against the required years."
"239","jobicy-146375","Program Lead, Strategic Partnerships (Cloud / AI / Data)","Experian","USA - Remote","Remote","Project & Program","72","Good","Jobicy","https://jobicy.com/jobs/146375-program-lead-strategic-partnerships-cloud-ai-data","2026-06-13","Full-Time","Not listed","program|stakeholder|process|coordination|delivery|timeline","Project & Program title aligns with the target job families.|Resume overlap: program, stakeholder, process, coordination, delivery.|Explicit USA-remote listing appears compatible with living in New Orleans.","Posting references up to 6 years of experience.|Senior or lead scope should be checked against the required years."
"240","jobicy-146312","Senior Analyst, Data Analytics and Business Intelligence","GXO Logistics","USA - Remote","Remote","Data & Analytics","72","Good","Jobicy","https://jobicy.com/jobs/146312-senior-analyst-data-analytics-and-business-intelligence","2026-06-12","Full-Time","Not listed","sql|excel|power bi|dashboard|analytics|database|insights|Python|SQL|Excel","Data & Analytics title aligns with the target job families.|Resume overlap: sql, excel, power bi, dashboard, analytics.|Technical overlap: Python, SQL, Excel, Power BI, dashboards, automation.|Explicit USA-remote listing appears compatible with living in New Orleans.","Posting references up to 5 years of experience.|Senior or lead scope should be checked against the required years."
"241","remotive-2090982","Senior Data Scientist","Lemon.io","Americas, Europe, Asia, Oceania - Remote","Remote","Data & Analytics","72","Good","Remotive","https://remotive.com/remote-jobs/data/senior-data-scientist-2090982","2026-06-11","full_time","Not listed","Python|Java|JavaScript|AWS|Azure","Data & Analytics title aligns with the target job families.|Technical overlap: Python, Java, JavaScript, AWS, Azure.|Explicit USA-remote listing appears compatible with living in New Orleans.","Posting references up to 4 years of experience; compare the exact requirement.|Senior or lead scope should be checked against the required years."
"242","jobicy-146257","Senior Scrum Master","ManTech","USA - Remote","Remote","Project & Program","72","Good","Jobicy","https://jobicy.com/jobs/146257-senior-scrum-master","2026-06-12","Full-Time","USD 113500-176500 yearly","project|program|stakeholder|delivery|Java|JavaScript","Project & Program title aligns with the target job families.|Resume overlap: project, program, stakeholder, delivery.|Technical overlap: Java, JavaScript.|Explicit USA-remote listing appears compatible with living in New Orleans.","Senior or lead scope should be checked against the required years."
"243","jobicy-146202","Senior Software Engineer – Event Sourcing & Stream Processing","Tenable","USA - Remote","Remote","Software & QA","72","Good","Jobicy","https://jobicy.com/jobs/146202-senior-software-engineer-event-sourcing-stream-processing","2026-06-11","Full-Time","USD 137500-183500 yearly","java|sql|backend|software|Java|SQL|Excel|AWS","Software & QA title aligns with the target job families.|Resume overlap: java, sql, backend, software.|Technical overlap: Java, SQL, Excel, AWS.|Explicit USA-remote listing appears compatible with living in New Orleans.","Posting references up to 4 years of experience; compare the exact requirement.|Senior or lead scope should be checked against the required years."
"244","tulane-472","Senior Business Analyst, Business Analytics, AIS","Tulane University","New Orleans, LA, United States","New Orleans","Data & Analytics","72","Good","Tulane University careers","https://tulane-ibqejb.fa.ocs.oraclecloud.com/hcmUI/CandidateExperience/en/sites/CX_1/job/472","2026-04-17","On-site","Not listed","analytics","Data & Analytics title aligns with the target job families.|Resume overlap: analytics.|In-person location is New Orleans.","Senior or lead scope should be checked against the required years."
"245","gh-coinbase-7701651","Senior Software Engineer, Infra - Compute Platform","Coinbase","Remote - USA","Remote","Cloud & Infrastructure","71","Good","Employer Greenhouse board","https://www.coinbase.com/careers/positions/7701651?gh_jid=7701651","2026-06-10","Check listing","Not listed","aws|infrastructure|security|Excel|AWS|automation","Cloud & Infrastructure title aligns with the target job families.|Resume overlap: aws, infrastructure, security.|Technical overlap: Excel, AWS, automation.|Explicit USA-remote listing appears compatible with living in New Orleans.","Posting references up to 5 years of experience.|Senior or lead scope should be checked against the required years."
"246","gh-coinbase-7964402","Senior Software Engineer, Developer Infrastructure","Coinbase","Remote - USA","Remote","Cloud & Infrastructure","71","Good","Employer Greenhouse board","https://www.coinbase.com/careers/positions/7964402?gh_jid=7964402","2026-06-08","Check listing","Not listed","aws|infrastructure|api|security|AWS","Cloud & Infrastructure title aligns with the target job families.|Resume overlap: aws, infrastructure, api, security.|Technical overlap: AWS.|Explicit USA-remote listing appears compatible with living in New Orleans.","Posting references up to 5 years of experience.|Senior or lead scope should be checked against the required years."
"247","jobicy-146251","Full Stack Developer","ECS","USA - Remote","Remote","Software & QA","71","Good","Jobicy","https://jobicy.com/jobs/146251-full-stack-developer-4","2026-06-12","Full-Time","USD 120000-165000 yearly","automation|software","Software & QA title aligns with the target job families.|Resume overlap: automation, software.|Technical overlap: automation.|Explicit USA-remote listing appears compatible with living in New Orleans.","Posting references up to 5 years of experience."
"248","gh-instacart-7977331","Senior Data Scientist II - Core Delivery","Instacart","United States - Remote","Remote","Data & Analytics","71","Good","Employer Greenhouse board","https://instacart.careers/job/?gh_jid=7977331","2026-06-02","Check listing","Not listed","sql|dashboard|database|Python|SQL|dashboards","Data & Analytics title aligns with the target job families.|Resume overlap: sql, dashboard, database.|Technical overlap: Python, SQL, dashboards.|Explicit USA-remote listing appears compatible with living in New Orleans.","Posting references up to 7 years of experience.|Senior or lead scope should be checked against the required years."
"249","gh-instacart-7951076","Senior Software Engineer II, Logistic Foundation","Instacart","United States - Remote","Remote","Software & QA","71","Good","Employer Greenhouse board","https://instacart.careers/job/?gh_jid=7951076","2026-05-29","Check listing","Not listed","python|backend|software|Python|Excel|AWS","Software & QA title aligns with the target job families.|Resume overlap: python, backend, software.|Technical overlap: Python, Excel, AWS.|Explicit USA-remote listing appears compatible with living in New Orleans.","Posting references up to 7 years of experience.|Senior or lead scope should be checked against the required years."
"250","gh-instacart-7950935","Senior Software Engineer, Ads","Instacart","United States - Remote","Remote","Software & QA","71","Good","Employer Greenhouse board","https://instacart.careers/job/?gh_jid=7950935","2026-05-29","Check listing","Not listed","sql|backend|git|software|SQL","Software & QA title aligns with the target job families.|Resume overlap: sql, backend, git, software.|Technical overlap: SQL.|Explicit USA-remote listing appears compatible with living in New Orleans.","Posting references up to 5 years of experience.|Senior or lead scope should be checked against the required years."
"251","remotive-1956455","iOS Developer","nooro","USA - Remote","Remote","Software & QA","71","Good","Remotive","https://remotive.com/remote-jobs/software-development/ios-developer-1956455","2026-06-09","full_time","$60k-$130k (depending on experience)","backend|git","Software & QA title aligns with the target job families.|Resume overlap: backend, git.|Explicit USA-remote listing appears compatible with living in New Orleans.","Posting references up to 5 years of experience."
"252","ochsner-96040948448","Product Management Lead- Analytics- Remote","Ochsner Health","New Orleans, LA","Remote","Data & Analytics","71","Good","Ochsner Health careers","https://careers.ochsner.org/job/new-orleans/product-management-lead-analytics-remote/47519/96040948448","","Full-time","Not listed","analytics","Data & Analytics title aligns with the target job families.|Resume overlap: analytics.|Explicit USA-remote listing appears compatible with living in New Orleans.","Senior or lead scope should be checked against the required years."
"253","gh-twilio-8001044","Senior Financial Analyst, R&D Finance","Twilio","Remote - US","Remote","Data & Analytics","71","Good","Employer Greenhouse board","https://job-boards.greenhouse.io/twilio/jobs/8001044","2026-06-12","Check listing","$96,640.00-$120,800.00","excel|reporting|metrics|Excel|AWS|automation","Data & Analytics title aligns with the target job families.|Resume overlap: excel, reporting, metrics.|Technical overlap: Excel, AWS, automation.|Explicit USA-remote listing appears compatible with living in New Orleans.","Posting references up to 5 years of experience.|Senior or lead scope should be checked against the required years."
"254","gh-vercel-5661583004","Software Engineer, Lua","Vercel","Remote - United States","Remote","Software & QA","71","Good","Employer Greenhouse board","https://job-boards.greenhouse.io/vercel/jobs/5661583004","2026-06-01","Check listing","$196,000 - $280,000","backend|software","Software & QA title aligns with the target job families.|Resume overlap: backend, software.|Explicit USA-remote listing appears compatible with living in New Orleans.","Posting references up to 5 years of experience."
"255","gh-instacart-7951087","Senior Software Engineer II, (ML/AI Platform)","Instacart","United States - Remote","Remote","Cloud & Infrastructure","70","Good","Employer Greenhouse board","https://instacart.careers/job/?gh_jid=7951087","2026-05-29","Check listing","Not listed","infrastructure|api","Cloud & Infrastructure title aligns with the target job families.|Resume overlap: infrastructure, api.|Explicit USA-remote listing appears compatible with living in New Orleans.","Posting references up to 3 years of experience; compare the exact requirement.|Senior or lead scope should be checked against the required years."
"256","gh-samsara-7187197","Sales Engineer - Mid-Market Midwest","Samsara","Remote - US","Remote","Software & QA","70","Good","Employer Greenhouse board","https://www.samsara.com/company/careers/roles/7187197?gh_jid=7187197","2026-06-09","Check listing","Not listed","python|java|javascript|automation|git|software|Python|Java|JavaScript","Responsibilities include transferable software & qa work.|Resume overlap: python, java, javascript, automation, git.|Technical overlap: Python, Java, JavaScript, automation.|Explicit USA-remote listing appears compatible with living in New Orleans.","Posting references up to 4 years of experience; compare the exact requirement."
"257","gh-samsara-7187159","Sales Engineer - Mid-Market Southeast","Samsara","Remote - US","Remote","Software & QA","70","Good","Employer Greenhouse board","https://www.samsara.com/company/careers/roles/7187159?gh_jid=7187159","2026-06-09","Check listing","Not listed","python|java|javascript|automation|git|software|Python|Java|JavaScript","Responsibilities include transferable software & qa work.|Resume overlap: python, java, javascript, automation, git.|Technical overlap: Python, Java, JavaScript, automation.|Explicit USA-remote listing appears compatible with living in New Orleans.","Posting references up to 4 years of experience; compare the exact requirement."
"258","gh-samsara-7187219","Sales Engineer - Mid-Market West","Samsara","Remote - US","Remote","Software & QA","70","Good","Employer Greenhouse board","https://www.samsara.com/company/careers/roles/7187219?gh_jid=7187219","2026-06-09","Check listing","Not listed","python|java|javascript|automation|git|software|Python|Java|JavaScript","Responsibilities include transferable software & qa work.|Resume overlap: python, java, javascript, automation, git.|Technical overlap: Python, Java, JavaScript, automation.|Explicit USA-remote listing appears compatible with living in New Orleans.","Posting references up to 4 years of experience; compare the exact requirement."
"259","gh-samsara-7848428","Sales Engineer, Mid Market - Northeast","Samsara","Remote - US","Remote","Software & QA","70","Good","Employer Greenhouse board","https://www.samsara.com/company/careers/roles/7848428?gh_jid=7848428","2026-06-09","Check listing","Not listed","python|java|javascript|automation|git|software|Python|Java|JavaScript","Responsibilities include transferable software & qa work.|Resume overlap: python, java, javascript, automation, git.|Technical overlap: Python, Java, JavaScript, automation.|Explicit USA-remote listing appears compatible with living in New Orleans.","Posting references up to 4 years of experience; compare the exact requirement."
"260","gh-gitlab-8532272002","Business Development Representative","GitLab","Remote, North America","Remote","Customer & Implementation","69","Possible","Employer Greenhouse board","https://job-boards.greenhouse.io/gitlab/jobs/8532272002","2026-06-05","Check listing","Not listed","customer|onboarding|support|communication|training|service|Excel","Responsibilities include transferable customer & implementation work.|Resume overlap: customer, onboarding, support, communication, training.|Technical overlap: Excel.|Explicit USA-remote listing appears compatible with living in New Orleans.","Verify exact years, degree requirements, and state eligibility on the live application."
"261","gh-instacart-7951036","Senior Software Engineer, Data Governance & Foundations","Instacart","United States - Remote","Remote","Software & QA","69","Possible","Employer Greenhouse board","https://instacart.careers/job/?gh_jid=7951036","2026-05-29","Check listing","Not listed","python|sql|software|Python|SQL","Software & QA title aligns with the target job families.|Resume overlap: python, sql, software.|Technical overlap: Python, SQL.|Explicit USA-remote listing appears compatible with living in New Orleans.","Posting references up to 5 years of experience.|Senior or lead scope should be checked against the required years."
"262","gh-reddit-7731772","Senior Machine Learning Systems Engineer","Reddit","Remote - United States","Remote","Cloud & Infrastructure","69","Possible","Employer Greenhouse board","https://job-boards.greenhouse.io/reddit/jobs/7731772","2026-05-14","Check listing","Not listed","google cloud|cloud|infrastructure|Python|Google Cloud","Cloud & Infrastructure title aligns with the target job families.|Resume overlap: google cloud, cloud, infrastructure.|Technical overlap: Python, Google Cloud.|Explicit USA-remote listing appears compatible with living in New Orleans.","Posting references up to 5 years of experience.|Senior or lead scope should be checked against the required years."
"263","gh-twilio-7620973","Digital Sales Representative - Expansion","Twilio","Remote - US","Remote","Customer & Implementation","69","Possible","Employer Greenhouse board","https://job-boards.greenhouse.io/twilio/jobs/7620973","2026-06-12","Check listing","Not listed","customer|support|communication|crm|service|Excel|CRM|automation","Responsibilities include transferable customer & implementation work.|Resume overlap: customer, support, communication, crm, service.|Technical overlap: Excel, CRM, automation.|Explicit USA-remote listing appears compatible with living in New Orleans.","Verify exact years, degree requirements, and state eligibility on the live application."
"264","gh-vercel-5551619004","Software Engineer, Compute","Vercel","Remote - United States","Remote","Software & QA","69","Possible","Employer Greenhouse board","https://job-boards.greenhouse.io/vercel/jobs/5551619004","2026-06-01","Check listing","$180,000-$280,000","software|Linux","Software & QA title aligns with the target job families.|Resume overlap: software.|Technical overlap: Linux.|Explicit USA-remote listing appears compatible with living in New Orleans.","Posting references up to 5 years of experience."
"265","gh-calendly-8381613002","Machine Learning Engineer","Calendly","Remote - US","Remote","Customer & Implementation","68","Possible","Employer Greenhouse board","https://job-boards.greenhouse.io/calendly/jobs/8381613002","2026-05-21","Check listing","Not listed","customer|support|communication|training|adoption|service|Python|Java|SQL","Responsibilities include transferable customer & implementation work.|Resume overlap: customer, support, communication, training, adoption.|Technical overlap: Python, Java, SQL.|Explicit USA-remote listing appears compatible with living in New Orleans.","Posting references up to 4 years of experience; compare the exact requirement."
"266","gh-airtable-8400388002","Software Engineer, Infrastructure (8+ YOE)","Airtable","San Francisco, CA; New York, NY; Remote - US (Seattle, WA only)","Remote","Cloud & Infrastructure","67","Possible","Employer Greenhouse board","https://job-boards.greenhouse.io/airtable/jobs/8400388002","2026-05-26","Check listing","Not listed","aws|infrastructure|security|AWS","Cloud & Infrastructure title aligns with the target job families.|Resume overlap: aws, infrastructure, security.|Technical overlap: AWS.|Explicit USA-remote listing appears compatible with living in New Orleans.","Posting references up to 8 years of experience."
"267","remotive-2090887","Mid/Senior AI Cinematic Video Editor","EverAI","Worldwide - Remote","Remote","Content & Creative Technology","67","Possible","Remotive","https://remotive.com/remote-jobs/artificial-intelligence/mid-senior-ai-cinematic-video-editor-2090887","2026-05-19","full_time","Not listed","content|digital|video|storytelling|creative|Excel|AWS","Content & Creative Technology title aligns with the target job families.|Resume overlap: content, digital, video, storytelling, creative.|Technical overlap: Excel, AWS.|Explicit USA-remote listing appears compatible with living in New Orleans.","Posting references up to 10 years of experience.|Senior or lead scope should be checked against the required years."
"268","jobicy-146317","Senior Customer Success Mgr","Kinetic by Windstream","USA - Remote","Remote","Customer & Implementation","67","Possible","Jobicy","https://jobicy.com/jobs/146317-senior-customer-success-mgr","2026-06-12","Full-Time","Not listed","customer|support|communication|training|adoption|service|Excel","Customer & Implementation title aligns with the target job families.|Resume overlap: customer, support, communication, training, adoption.|Technical overlap: Excel.|Explicit USA-remote listing appears compatible with living in New Orleans.","Posting references up to 8 years of experience.|Senior or lead scope should be checked against the required years."
"269","jobicy-146191","Network Engineer","ManTech","USA - Remote","Remote","Cloud & Infrastructure","67","Possible","Jobicy","https://jobicy.com/jobs/146191-network-engineer","2026-06-11","Full-Time","USD 116400-194900 yearly","powershell|monitoring|security|Python|PowerShell","Cloud & Infrastructure title aligns with the target job families.|Resume overlap: powershell, monitoring, security.|Technical overlap: Python, PowerShell.|Explicit USA-remote listing appears compatible with living in New Orleans.","Posting references up to 16 years of experience."
"270","gh-samsara-7985044","Enterprise Core Sales Engineer","Samsara","Remote - US","Remote","Software & QA","67","Possible","Employer Greenhouse board","https://www.samsara.com/company/careers/roles/7985044?gh_jid=7985044","2026-06-11","Check listing","Not listed","python|java|javascript|automation|testing|git|software|Python|Java|JavaScript","Responsibilities include transferable software & qa work.|Resume overlap: python, java, javascript, automation, testing.|Technical overlap: Python, Java, JavaScript, Excel, automation.|Explicit USA-remote listing appears compatible with living in New Orleans.","Posting references up to 5 years of experience."
"271","gh-samsara-7922388","Enterprise Core Sales Engineer - EST","Samsara","Remote - US","Remote","Software & QA","67","Possible","Employer Greenhouse board","https://www.samsara.com/company/careers/roles/7922388?gh_jid=7922388","2026-06-11","Check listing","Not listed","python|java|javascript|automation|testing|git|software|Python|Java|JavaScript","Responsibilities include transferable software & qa work.|Resume overlap: python, java, javascript, automation, testing.|Technical overlap: Python, Java, JavaScript, Excel, automation.|Explicit USA-remote listing appears compatible with living in New Orleans.","Posting references up to 5 years of experience."
"272","gh-samsara-7493951","Sales Engineer, Public Sector Enterprise Core - Remote US Northeast","Samsara","Remote - US","Remote","Software & QA","67","Possible","Employer Greenhouse board","https://www.samsara.com/company/careers/roles/7493951?gh_jid=7493951","2026-06-11","Check listing","Not listed","python|java|javascript|automation|testing|git|software|Python|Java|JavaScript","Responsibilities include transferable software & qa work.|Resume overlap: python, java, javascript, automation, testing.|Technical overlap: Python, Java, JavaScript, Excel, automation.|Explicit USA-remote listing appears compatible with living in New Orleans.","Posting references up to 5 years of experience."
"273","gh-samsara-7848518","Enterprise Core Sales Engineer - Midwest","Samsara","Remote - US","Remote","Software & QA","67","Possible","Employer Greenhouse board","https://www.samsara.com/company/careers/roles/7848518?gh_jid=7848518","2026-06-09","Check listing","Not listed","python|java|javascript|automation|testing|git|software|Python|Java|JavaScript","Responsibilities include transferable software & qa work.|Resume overlap: python, java, javascript, automation, testing.|Technical overlap: Python, Java, JavaScript, Excel, automation.|Explicit USA-remote listing appears compatible with living in New Orleans.","Posting references up to 5 years of experience."
"274","gh-samsara-7848486","Enterprise Core Sales Engineer - Northeast","Samsara","Remote - US","Remote","Software & QA","67","Possible","Employer Greenhouse board","https://www.samsara.com/company/careers/roles/7848486?gh_jid=7848486","2026-06-09","Check listing","Not listed","python|java|javascript|automation|testing|git|software|Python|Java|JavaScript","Responsibilities include transferable software & qa work.|Resume overlap: python, java, javascript, automation, testing.|Technical overlap: Python, Java, JavaScript, Excel, automation.|Explicit USA-remote listing appears compatible with living in New Orleans.","Posting references up to 5 years of experience."
"275","gh-samsara-7848497","Enterprise Core Sales Engineer - Southeast","Samsara","Remote - US","Remote","Software & QA","67","Possible","Employer Greenhouse board","https://www.samsara.com/company/careers/roles/7848497?gh_jid=7848497","2026-06-09","Check listing","Not listed","python|java|javascript|automation|testing|git|software|Python|Java|JavaScript","Responsibilities include transferable software & qa work.|Resume overlap: python, java, javascript, automation, testing.|Technical overlap: Python, Java, JavaScript, Excel, automation.|Explicit USA-remote listing appears compatible with living in New Orleans.","Posting references up to 5 years of experience."
"276","gh-samsara-7848501","Enterprise Core Sales Engineer - TOLA","Samsara","Remote - US","Remote","Software & QA","67","Possible","Employer Greenhouse board","https://www.samsara.com/company/careers/roles/7848501?gh_jid=7848501","2026-06-09","Check listing","Not listed","python|java|javascript|automation|testing|git|software|Python|Java|JavaScript","Responsibilities include transferable software & qa work.|Resume overlap: python, java, javascript, automation, testing.|Technical overlap: Python, Java, JavaScript, Excel, automation.|Explicit USA-remote listing appears compatible with living in New Orleans.","Posting references up to 5 years of experience."
"277","gh-samsara-7848529","Enterprise Core Sales Engineer - West","Samsara","Remote - US","Remote","Software & QA","67","Possible","Employer Greenhouse board","https://www.samsara.com/company/careers/roles/7848529?gh_jid=7848529","2026-06-09","Check listing","Not listed","python|java|javascript|automation|testing|git|software|Python|Java|JavaScript","Responsibilities include transferable software & qa work.|Resume overlap: python, java, javascript, automation, testing.|Technical overlap: Python, Java, JavaScript, Excel, automation.|Explicit USA-remote listing appears compatible with living in New Orleans.","Posting references up to 5 years of experience."
"278","gh-samsara-7743836","Senior Software Engineer II, DevEx, OPX","Samsara","Remote - Canada; Remote - US","Remote","Software & QA","67","Possible","Employer Greenhouse board","https://www.samsara.com/company/careers/roles/7743836?gh_jid=7743836","2026-06-11","Check listing","Not listed","python|automation|git|software|Python|Excel|AWS","Software & QA title aligns with the target job families.|Resume overlap: python, automation, git, software.|Technical overlap: Python, Excel, AWS, automation.|Explicit USA-remote listing appears compatible with living in New Orleans.","Posting references up to 8 years of experience.|Senior or lead scope should be checked against the required years."
"279","jobicy-146384","Financial Specailist","Synovus","USA - Remote","Remote","Operations & Process","67","Possible","Jobicy","https://jobicy.com/jobs/146384-financial-specailist","2026-06-13","Full-Time","Not listed","operations|process|reporting|quality|coordination|planning|AWS","Responsibilities include transferable operations & process work.|Resume overlap: operations, process, reporting, quality, coordination.|Technical overlap: AWS.|Explicit USA-remote listing appears compatible with living in New Orleans.","Verify exact years, degree requirements, and state eligibility on the live application."
"280","jobicy-146205","Course Consultant","Think Academy US","USA - Remote","Remote","Customer & Implementation","67","Possible","Jobicy","https://jobicy.com/jobs/146205-course-consultant-2","2026-06-11","Full-Time","USD 50000-50000 yearly","customer|client|support|communication|training|service|Excel","Responsibilities include transferable customer & implementation work.|Resume overlap: customer, client, support, communication, training.|Technical overlap: Excel.|Explicit USA-remote listing appears compatible with living in New Orleans.","Verify exact years, degree requirements, and state eligibility on the live application."
"281","jobicy-146207","Learning Consultant","Think Academy US","USA - Remote","Remote","Customer & Implementation","67","Possible","Jobicy","https://jobicy.com/jobs/146207-learning-consultant-2","2026-06-11","Full-Time","USD 50000-50000 yearly","customer|client|support|communication|training|service|Excel","Responsibilities include transferable customer & implementation work.|Resume overlap: customer, client, support, communication, training.|Technical overlap: Excel.|Explicit USA-remote listing appears compatible with living in New Orleans.","Verify exact years, degree requirements, and state eligibility on the live application."
"282","jobicy-146206","Student Advisor","Think Academy US","USA - Remote","Remote","Customer & Implementation","67","Possible","Jobicy","https://jobicy.com/jobs/146206-student-advisor-2","2026-06-11","Full-Time","USD 50000-50000 yearly","customer|client|support|communication|training|service|Excel","Responsibilities include transferable customer & implementation work.|Resume overlap: customer, client, support, communication, training.|Technical overlap: Excel.|Explicit USA-remote listing appears compatible with living in New Orleans.","Verify exact years, degree requirements, and state eligibility on the live application."
"283","gh-twilio-7992719","Digital Sales Representative - Activate (Twilio.org)","Twilio","Remote - US","Remote","Customer & Implementation","67","Possible","Employer Greenhouse board","https://job-boards.greenhouse.io/twilio/jobs/7992719","2026-06-12","Check listing","Not listed","customer|support|communication|crm|service|CRM|automation","Responsibilities include transferable customer & implementation work.|Resume overlap: customer, support, communication, crm, service.|Technical overlap: CRM, automation.|Explicit USA-remote listing appears compatible with living in New Orleans.","Verify exact years, degree requirements, and state eligibility on the live application."
"284","gh-twilio-7963691","Product Management, L2","Twilio","Remote - US","Remote","Project & Program","67","Possible","Employer Greenhouse board","https://job-boards.greenhouse.io/twilio/jobs/7963691","2026-06-12","Check listing","$116,960 - $146,200","project|program|workflow|process|documentation|delivery","Responsibilities include transferable project & program work.|Resume overlap: project, program, workflow, process, documentation.|Explicit USA-remote listing appears compatible with living in New Orleans.","Verify exact years, degree requirements, and state eligibility on the live application."
"285","jobicy-146124","Temporary GME Assistant","University of Colorado","USA - Remote","Remote","Administration & Coordination","67","Possible","Jobicy","https://jobicy.com/jobs/146124-temporary-gme-assistant","2026-06-10","Full-Time","USD 40000-40000 yearly","administration|documentation|reporting|compliance|microsoft office|Excel|SharePoint|AWS","Responsibilities include transferable administration & coordination work.|Resume overlap: administration, documentation, reporting, compliance, microsoft office.|Technical overlap: Excel, SharePoint, AWS.|Explicit USA-remote listing appears compatible with living in New Orleans.","Verify exact years, degree requirements, and state eligibility on the live application."
"286","gh-instacart-7572155","Sales Associate","Instacart","United States - Remote","Remote","Content & Creative Technology","66","Possible","Employer Greenhouse board","https://instacart.careers/job/?gh_jid=7572155","2026-06-15","Check listing","Not listed","digital|video|media|storytelling|Excel","Responsibilities include transferable content & creative technology work.|Resume overlap: digital, video, media, storytelling.|Technical overlap: Excel.|Seniority appears compatible with early-career graduate experience.","Posting references up to 4 years of experience; compare the exact requirement."
"287","gh-instacart-7558978","Sales Associate - New York","Instacart","United States - Remote","Remote","Content & Creative Technology","66","Possible","Employer Greenhouse board","https://instacart.careers/job/?gh_jid=7558978","2026-06-15","Check listing","Not listed","digital|video|media|storytelling|Excel","Responsibilities include transferable content & creative technology work.|Resume overlap: digital, video, media, storytelling.|Technical overlap: Excel.|Seniority appears compatible with early-career graduate experience.","Posting references up to 4 years of experience; compare the exact requirement."
"288","gh-instacart-7560993","Sales Associate - San Francisco/Los Angeles","Instacart","United States - Remote","Remote","Content & Creative Technology","66","Possible","Employer Greenhouse board","https://instacart.careers/job/?gh_jid=7560993","2026-06-15","Check listing","Not listed","digital|video|media|storytelling|Excel","Responsibilities include transferable content & creative technology work.|Resume overlap: digital, video, media, storytelling.|Technical overlap: Excel.|Seniority appears compatible with early-career graduate experience.","Posting references up to 4 years of experience; compare the exact requirement."
"289","gh-launchdarkly-7736270003","Product Security Engineer","LaunchDarkly","Remote - US West","Remote","Project & Program","66","Possible","Employer Greenhouse board","https://job-boards.greenhouse.io/launchdarkly/jobs/7736270003","2026-06-11","Check listing","$ 136,000 - $187,000","project|program|workflow|process|documentation|delivery|Python|automation","Responsibilities include transferable project & program work.|Resume overlap: project, program, workflow, process, documentation.|Technical overlap: Python, automation.|Explicit USA-remote listing appears compatible with living in New Orleans.","Posting references up to 4 years of experience; compare the exact requirement."
"290","gh-affirm-7730664003","Compliance Lead, Network Growth","Affirm","Remote US","Remote","Cloud & Infrastructure","65","Possible","Employer Greenhouse board","https://job-boards.greenhouse.io/affirm/jobs/7730664003","2026-06-07","Check listing","$130,000 - $180,000","aws|monitoring|Excel|AWS","Cloud & Infrastructure title aligns with the target job families.|Resume overlap: aws, monitoring.|Technical overlap: Excel, AWS.|Explicit USA-remote listing appears compatible with living in New Orleans.","Posting references up to 5 years of experience.|Senior or lead scope should be checked against the required years."
"291","gh-coinbase-7746190","Senior Software Engineer, Backend - Identity","Coinbase","Remote - USA","Remote","Software & QA","65","Possible","Employer Greenhouse board","https://www.coinbase.com/careers/positions/7746190?gh_jid=7746190","2026-06-10","Check listing","Not listed","backend|software|Excel|AWS","Software & QA title aligns with the target job families.|Resume overlap: backend, software.|Technical overlap: Excel, AWS.|Explicit USA-remote listing appears compatible with living in New Orleans.","Posting references up to 5 years of experience.|Senior or lead scope should be checked against the required years."
"292","remotive-2086540","Inside Sales Contractor","Credit Wellness, LLC","Worldwide - Remote","Remote","Customer & Implementation","65","Possible","Remotive","https://remotive.com/remote-jobs/sales/inside-sales-contractor-2086540","2026-06-08","full_time","OTE $25k - $35k","client|support|crm|training|service|CRM","Responsibilities include transferable customer & implementation work.|Resume overlap: client, support, crm, training, service.|Technical overlap: CRM.|Explicit USA-remote listing appears compatible with living in New Orleans.","Verify exact years, degree requirements, and state eligibility on the live application."
"293","gh-gitlab-8548105002","AI Transformation Owner, Marketing","GitLab","Remote, Canada; Remote, Ireland; Remote, United Kingdom; Remote, US","Remote","Customer & Implementation","65","Possible","Employer Greenhouse board","https://job-boards.greenhouse.io/gitlab/jobs/8548105002","2026-06-05","Check listing","Not listed","onboarding|support|communication|adoption|service|automation","Responsibilities include transferable customer & implementation work.|Resume overlap: onboarding, support, communication, adoption, service.|Technical overlap: automation.|Explicit USA-remote listing appears compatible with living in New Orleans.","Verify exact years, degree requirements, and state eligibility on the live application."
"294","gh-gitlab-8575108002","Senior Executive Business Partner to CFO","GitLab","Remote, US","Remote","Operations & Process","65","Possible","Employer Greenhouse board","https://job-boards.greenhouse.io/gitlab/jobs/8575108002","2026-06-12","Check listing","Not listed","operations|process|workflow|efficiency|documentation|quality|coordination|planning|Excel","Responsibilities include transferable operations & process work.|Resume overlap: operations, process, workflow, efficiency, documentation.|Technical overlap: Excel.|Explicit USA-remote listing appears compatible with living in New Orleans.","Senior or lead scope should be checked against the required years."
"295","gh-reddit-7309137","Senior Software Engineer, GraphQL","Reddit","Remote - United States","Remote","Software & QA","65","Possible","Employer Greenhouse board","https://job-boards.greenhouse.io/reddit/jobs/7309137","2026-05-18","Check listing","Not listed","backend|software|Excel|AWS","Software & QA title aligns with the target job families.|Resume overlap: backend, software.|Technical overlap: Excel, AWS.|Explicit USA-remote listing appears compatible with living in New Orleans.","Posting references up to 5 years of experience.|Senior or lead scope should be checked against the required years."
"296","gh-samsara-7311761","Sales Engineer I, SE Desk - Mid West","Samsara","Remote - US","Remote","Customer & Implementation","65","Possible","Employer Greenhouse board","https://www.samsara.com/company/careers/roles/7311761?gh_jid=7311761","2026-06-09","Check listing","Not listed","customer|support|communication|adoption|service|automation","Responsibilities include transferable customer & implementation work.|Resume overlap: customer, support, communication, adoption, service.|Technical overlap: automation.|Explicit USA-remote listing appears compatible with living in New Orleans.","Verify exact years, degree requirements, and state eligibility on the live application."
"297","gh-samsara-7311741","Sales Engineer I, SE Desk - Northeast","Samsara","Remote - US","Remote","Customer & Implementation","65","Possible","Employer Greenhouse board","https://www.samsara.com/company/careers/roles/7311741?gh_jid=7311741","2026-06-09","Check listing","Not listed","customer|support|communication|adoption|service|automation","Responsibilities include transferable customer & implementation work.|Resume overlap: customer, support, communication, adoption, service.|Technical overlap: automation.|Explicit USA-remote listing appears compatible with living in New Orleans.","Verify exact years, degree requirements, and state eligibility on the live application."
"298","gh-samsara-7311768","Sales Engineer I, SE Desk - West","Samsara","Remote - US","Remote","Customer & Implementation","65","Possible","Employer Greenhouse board","https://www.samsara.com/company/careers/roles/7311768?gh_jid=7311768","2026-06-09","Check listing","Not listed","customer|support|communication|adoption|service|automation","Responsibilities include transferable customer & implementation work.|Resume overlap: customer, support, communication, adoption, service.|Technical overlap: automation.|Explicit USA-remote listing appears compatible with living in New Orleans.","Verify exact years, degree requirements, and state eligibility on the live application."
"299","gh-samsara-7848351","Sales Engineer I, SE Desk Southeast","Samsara","Remote - US","Remote","Customer & Implementation","65","Possible","Employer Greenhouse board","https://www.samsara.com/company/careers/roles/7848351?gh_jid=7848351","2026-06-09","Check listing","Not listed","customer|support|communication|adoption|service|automation","Responsibilities include transferable customer & implementation work.|Resume overlap: customer, support, communication, adoption, service.|Technical overlap: automation.|Explicit USA-remote listing appears compatible with living in New Orleans.","Verify exact years, degree requirements, and state eligibility on the live application."
"300","gh-samsara-7848363","Sales Engineer I, SE Desk TOLA","Samsara","Remote - US","Remote","Customer & Implementation","65","Possible","Employer Greenhouse board","https://www.samsara.com/company/careers/roles/7848363?gh_jid=7848363","2026-06-09","Check listing","Not listed","customer|support|communication|adoption|service|automation","Responsibilities include transferable customer & implementation work.|Resume overlap: customer, support, communication, adoption, service.|Technical overlap: automation.|Explicit USA-remote listing appears compatible with living in New Orleans.","Verify exact years, degree requirements, and state eligibility on the live application."
"301","gh-samsara-7487370","Solutions Integration Enginer III","Samsara","Remote - US","Remote","Cloud & Infrastructure","65","Possible","Employer Greenhouse board","https://www.samsara.com/company/careers/roles/7487370?gh_jid=7487370","2026-06-09","Check listing","Not listed","aws|azure|cloud|infrastructure|api|monitoring|Python|Java|JavaScript|AWS","Responsibilities include transferable cloud & infrastructure work.|Resume overlap: aws, azure, cloud, infrastructure, api.|Technical overlap: Python, Java, JavaScript, AWS, Azure, automation.|Explicit USA-remote listing appears compatible with living in New Orleans.","Posting references up to 5 years of experience."
"302","gh-affirm-7730668003","Manager, Software Engineering (Developer Environments)","Affirm","Remote US","Remote","Software & QA","64","Possible","Employer Greenhouse board","https://job-boards.greenhouse.io/affirm/jobs/7730668003","2026-06-15","Check listing","Not listed","python|backend|automation|git|software|Python|Excel|AWS","Software & QA title aligns with the target job families.|Resume overlap: python, backend, automation, git, software.|Technical overlap: Python, Excel, AWS, automation.|Explicit USA-remote listing appears compatible with living in New Orleans.","Posting references up to 7 years of experience.|Management or architecture scope may be a stretch."
"303","gh-affirm-7701909003","Manager, Software Engineering (Resilience Engineering)","Affirm","Remote US","Remote","Software & QA","64","Possible","Employer Greenhouse board","https://job-boards.greenhouse.io/affirm/jobs/7701909003","2026-06-15","Check listing","Not listed","python|java|testing|software|Python|Java|Excel|AWS","Software & QA title aligns with the target job families.|Resume overlap: python, java, testing, software.|Technical overlap: Python, Java, Excel, AWS.|Explicit USA-remote listing appears compatible with living in New Orleans.","Management or architecture scope may be a stretch."
"304","gh-airtable-8586863002","Program Manager, Professional Services - East","Airtable","New York, NY; Remote - US","Remote","Project & Program","64","Possible","Employer Greenhouse board","https://job-boards.greenhouse.io/airtable/jobs/8586863002","2026-06-12","Check listing","Not listed","project|program|stakeholder|workflow|process|documentation|coordination|delivery|timeline|AWS","Project & Program title aligns with the target job families.|Resume overlap: project, program, stakeholder, workflow, process.|Technical overlap: AWS.|Explicit USA-remote listing appears compatible with living in New Orleans.","Posting references up to 5 years of experience.|Management or architecture scope may be a stretch."
"305","gh-airtable-8586865002","Program Manager, Professional Services - West","Airtable","San Francisco, CA; Remote - US","Remote","Project & Program","64","Possible","Employer Greenhouse board","https://job-boards.greenhouse.io/airtable/jobs/8586865002","2026-06-12","Check listing","Not listed","project|program|stakeholder|workflow|process|documentation|coordination|delivery|timeline|AWS","Project & Program title aligns with the target job families.|Resume overlap: project, program, stakeholder, workflow, process.|Technical overlap: AWS.|Explicit USA-remote listing appears compatible with living in New Orleans.","Posting references up to 5 years of experience.|Management or architecture scope may be a stretch."
"306","gh-airtable-8577941002","Senior Social Media Manager","Airtable","Remote - US","Remote","Content & Creative Technology","64","Possible","Employer Greenhouse board","https://job-boards.greenhouse.io/airtable/jobs/8577941002","2026-06-03","Check listing","Not listed","content|video|media|audience|storytelling|creative|Excel|AWS","Content & Creative Technology title aligns with the target job families.|Resume overlap: content, video, media, audience, storytelling.|Technical overlap: Excel, AWS.|Explicit USA-remote listing appears compatible with living in New Orleans.","Posting references up to 7 years of experience.|Management or architecture scope may be a stretch."
"307","gh-calendly-8575484002","Senior Engineering Manager, Data Platform","Calendly","Remote - US","Remote","Data & Analytics","64","Possible","Employer Greenhouse board","https://job-boards.greenhouse.io/calendly/jobs/8575484002","2026-06-03","Check listing","Not listed","sql|excel|reporting|analytics|data model|Python|Java|SQL|Excel|data modeling","Data & Analytics title aligns with the target job families.|Resume overlap: sql, excel, reporting, analytics, data model.|Technical overlap: Python, Java, SQL, Excel, data modeling.|Explicit USA-remote listing appears compatible with living in New Orleans.","Posting references up to 10 years of experience.|Management or architecture scope may be a stretch."
"308","gh-coinbase-7981394","Senior Manager, Clearing Operations","Coinbase","Remote - USA","Remote","Operations & Process","64","Possible","Employer Greenhouse board","https://www.coinbase.com/careers/positions/7981394?gh_jid=7981394","2026-06-12","Check listing","Not listed","operations|process|workflow|efficiency|quality|continuous improvement|AWS","Operations & Process title aligns with the target job families.|Resume overlap: operations, process, workflow, efficiency, quality.|Technical overlap: AWS.|Explicit USA-remote listing appears compatible with living in New Orleans.","Posting references up to 7 years of experience.|Management or architecture scope may be a stretch."
"309","gh-coinbase-7779094","Accounting Manager, GL Operations & Intercompany","Coinbase","Remote - USA","Remote","Operations & Process","64","Possible","Employer Greenhouse board","https://www.coinbase.com/careers/positions/7779094?gh_jid=7779094","2026-06-09","Check listing","Not listed","operations|process|workflow|efficiency|documentation|reporting|quality|continuous improvement|SQL|Excel","Operations & Process title aligns with the target job families.|Resume overlap: operations, process, workflow, efficiency, documentation.|Technical overlap: SQL, Excel, AWS.|Explicit USA-remote listing appears compatible with living in New Orleans.","Posting references up to 6 years of experience.|Management or architecture scope may be a stretch."
"310","gh-coinbase-7993472","Senior Manager, Assistant Controller, Global GL Operations","Coinbase","Remote - USA","Remote","Operations & Process","64","Possible","Employer Greenhouse board","https://www.coinbase.com/careers/positions/7993472?gh_jid=7993472","2026-06-09","Check listing","Not listed","operations|process|workflow|efficiency|reporting|quality|Excel|AWS|automation","Operations & Process title aligns with the target job families.|Resume overlap: operations, process, workflow, efficiency, reporting.|Technical overlap: Excel, AWS, automation.|Explicit USA-remote listing appears compatible with living in New Orleans.","Posting references up to 13 years of experience.|Management or architecture scope may be a stretch."
"311","gh-gitlab-8561194002","Senior Manager, CX Services Operations","GitLab","Remote, US","Remote","Operations & Process","64","Possible","Employer Greenhouse board","https://job-boards.greenhouse.io/gitlab/jobs/8561194002","2026-06-12","Check listing","Not listed","operations|process|workflow|efficiency|documentation|reporting|planning","Operations & Process title aligns with the target job families.|Resume overlap: operations, process, workflow, efficiency, documentation.|Explicit USA-remote listing appears compatible with living in New Orleans.","Management or architecture scope may be a stretch."
"312","gh-gitlab-8536477002","Customer Success Architect","GitLab","Remote, North America","Remote","Customer & Implementation","64","Possible","Employer Greenhouse board","https://job-boards.greenhouse.io/gitlab/jobs/8536477002","2026-06-05","Check listing","Not listed","customer|onboarding|support|communication|training|adoption|service","Customer & Implementation title aligns with the target job families.|Resume overlap: customer, onboarding, support, communication, training.|Explicit USA-remote listing appears compatible with living in New Orleans.","Management or architecture scope may be a stretch."
"313","gh-gitlab-8512758002","Customer Success Manager","GitLab","Remote, North America","Remote","Customer & Implementation","64","Possible","Employer Greenhouse board","https://job-boards.greenhouse.io/gitlab/jobs/8512758002","2026-06-05","Check listing","Not listed","customer|support|adoption|service|Excel","Customer & Implementation title aligns with the target job families.|Resume overlap: customer, support, adoption, service.|Technical overlap: Excel.|Explicit USA-remote listing appears compatible with living in New Orleans.","Management or architecture scope may be a stretch."
"314","gh-gitlab-8339221002","Engineering Manager, Software Supply Chain Security: Pipeline Security","GitLab","Remote, Canada; Remote, Israel; Remote, United Kingdom; Remote, US","Remote","Software & QA","64","Possible","Employer Greenhouse board","https://job-boards.greenhouse.io/gitlab/jobs/8339221002","2026-06-05","Check listing","Not listed","git|software","Software & QA title aligns with the target job families.|Resume overlap: git, software.|Explicit USA-remote listing appears compatible with living in New Orleans.","Management or architecture scope may be a stretch."
"315","gh-grafanalabs-6000478004","Senior Manager, Analytics & Insights | United States | Remote","Grafana Labs","United States (Remote)","Remote","Data & Analytics","64","Possible","Employer Greenhouse board","https://job-boards.greenhouse.io/grafanalabs/jobs/6000478004","2026-06-03","Check listing","$174,000 - $215,000","sql|excel|dashboard|reporting|analytics|data model|metrics|insights|Python|SQL","Data & Analytics title aligns with the target job families.|Resume overlap: sql, excel, dashboard, reporting, analytics.|Technical overlap: Python, SQL, Excel, dashboards.|Explicit USA-remote listing appears compatible with living in New Orleans.","Posting references up to 5 years of experience.|Management or architecture scope may be a stretch."
"316","gh-grafanalabs-5998657004","Senior Channel Strategy & Operations Manager | United States | Remote","Grafana Labs","United States (Remote)","Remote","Operations & Process","64","Possible","Employer Greenhouse board","https://job-boards.greenhouse.io/grafanalabs/jobs/5998657004","2026-05-19","Check listing","$ 178,503 - $215,000","operations|process|reporting|quality|planning|Excel|AWS|Azure","Operations & Process title aligns with the target job families.|Resume overlap: operations, process, reporting, quality, planning.|Technical overlap: Excel, AWS, Azure.|Explicit USA-remote listing appears compatible with living in New Orleans.","Posting references up to 5 years of experience.|Management or architecture scope may be a stretch."
"317","gh-instacart-8001889","Insights Manager II","Instacart","United States - Remote (LA, SF and Seattle)","Remote","Data & Analytics","64","Possible","Employer Greenhouse board","https://instacart.careers/job/?gh_jid=8001889","2026-06-12","Check listing","Not listed","sql|excel|dashboard|reporting|analytics|insights|SQL|Excel","Data & Analytics title aligns with the target job families.|Resume overlap: sql, excel, dashboard, reporting, analytics.|Technical overlap: SQL, Excel.|Explicit USA-remote listing appears compatible with living in New Orleans.","Posting references up to 3 years of experience; compare the exact requirement.|Management or architecture scope may be a stretch."
"318","gh-instacart-7980420","Program Manager II","Instacart","United States - Remote","Remote","Project & Program","64","Possible","Employer Greenhouse board","https://instacart.careers/job/?gh_jid=7980420","2026-06-03","Check listing","Not listed","project|program|stakeholder|workflow|process|documentation|coordination|delivery|timeline|Excel","Project & Program title aligns with the target job families.|Resume overlap: project, program, stakeholder, workflow, process.|Technical overlap: Excel, automation.|Explicit USA-remote listing appears compatible with living in New Orleans.","Posting references up to 7 years of experience.|Management or architecture scope may be a stretch."
"319","gh-instacart-7964681","Senior Program Manager, Quality Assurance","Instacart","United States - Remote","Remote","Project & Program","64","Possible","Employer Greenhouse board","https://instacart.careers/job/?gh_jid=7964681","2026-05-28","Check listing","Not listed","program|stakeholder|workflow|process|delivery|Python|SQL|Excel|data modeling|dashboards","Project & Program title aligns with the target job families.|Resume overlap: program, stakeholder, workflow, process, delivery.|Technical overlap: Python, SQL, Excel, data modeling, dashboards, automation.|Explicit USA-remote listing appears compatible with living in New Orleans.","Posting references up to 8 years of experience.|Management or architecture scope may be a stretch."
"320","gh-instacart-7958218","Knowledge Strategist Team Lead","Instacart","United States - Remote","Remote","Customer & Implementation","64","Possible","Employer Greenhouse board","https://instacart.careers/job/?gh_jid=7958218","2026-05-26","Check listing","Not listed","customer|support|communication|crm|training|adoption|service|SQL|CRM|dashboards","Responsibilities include transferable customer & implementation work.|Resume overlap: customer, support, communication, crm, training.|Technical overlap: SQL, CRM, dashboards, automation.|Explicit USA-remote listing appears compatible with living in New Orleans.","Posting references up to 4 years of experience; compare the exact requirement.|Senior or lead scope should be checked against the required years."
"321","gh-instacart-7958561","Knowledge Strategist Team Lead, Governance","Instacart","United States - Remote","Remote","Operations & Process","64","Possible","Employer Greenhouse board","https://instacart.careers/job/?gh_jid=7958561","2026-05-26","Check listing","Not listed","operations|process|workflow|efficiency|documentation|quality|continuous improvement|SQL|CRM|dashboards","Responsibilities include transferable operations & process work.|Resume overlap: operations, process, workflow, efficiency, documentation.|Technical overlap: SQL, CRM, dashboards, automation.|Explicit USA-remote listing appears compatible with living in New Orleans.","Posting references up to 4 years of experience; compare the exact requirement.|Senior or lead scope should be checked against the required years."
"322","gh-instacart-7899355","Senior Technical Program Manager, Ads","Instacart","United States - Remote","Remote","Project & Program","64","Possible","Employer Greenhouse board","https://instacart.careers/job/?gh_jid=7899355","2026-05-18","Check listing","Not listed","project|program|stakeholder|process|delivery|Excel","Project & Program title aligns with the target job families.|Resume overlap: project, program, stakeholder, process, delivery.|Technical overlap: Excel.|Explicit USA-remote listing appears compatible with living in New Orleans.","Posting references up to 7 years of experience.|Management or architecture scope may be a stretch."
"323","gh-launchdarkly-7741981003","Full Stack Engineer, Experimentation","LaunchDarkly","Remote - US","Remote","Cloud & Infrastructure","64","Possible","Employer Greenhouse board","https://job-boards.greenhouse.io/launchdarkly/jobs/7741981003","2026-05-20","Check listing","$171,200 - $235,400","aws|azure|cloud|api|monitoring|Excel|AWS|Azure","Responsibilities include transferable cloud & infrastructure work.|Resume overlap: aws, azure, cloud, api, monitoring.|Technical overlap: Excel, AWS, Azure.|Explicit USA-remote listing appears compatible with living in New Orleans.","Posting references up to 4 years of experience; compare the exact requirement."
"324","gh-mixpanel-7943893","Customer Success Architect","Mixpanel","San Francisco, US (Remote)","Remote","Customer & Implementation","64","Possible","Employer Greenhouse board","https://job-boards.greenhouse.io/mixpanel/jobs/7943893","2026-06-02","Check listing","Not listed","customer|client|implementation|onboarding|support|communication|adoption|service|Python|SQL","Customer & Implementation title aligns with the target job families.|Resume overlap: customer, client, implementation, onboarding, support.|Technical overlap: Python, SQL, Excel, AWS, Azure, Google Cloud.|Explicit USA-remote listing appears compatible with living in New Orleans.","Posting references up to 3 years of experience; compare the exact requirement.|Management or architecture scope may be a stretch."
"325","gh-mixpanel-7950662","Revenue Strategy & Operations Manager","Mixpanel","San Francisco, US (Remote)","Remote","Operations & Process","64","Possible","Employer Greenhouse board","https://job-boards.greenhouse.io/mixpanel/jobs/7950662","2026-05-22","Check listing","Not listed","operations|process|efficiency|reporting|planning|continuous improvement|AWS","Operations & Process title aligns with the target job families.|Resume overlap: operations, process, efficiency, reporting, planning.|Technical overlap: AWS.|Explicit USA-remote listing appears compatible with living in New Orleans.","Posting references up to 3 years of experience; compare the exact requirement.|Management or architecture scope may be a stretch."
"326","gh-pagerduty-5835317004","Sales Strategy and Operations Manager","PagerDuty","Remote (USA)","Remote","Operations & Process","64","Possible","Employer Greenhouse board","https://job-boards.greenhouse.io/pagerduty/jobs/5835317004","2026-06-02","Check listing","$127,000.00 - $191,400.00","operations|process|workflow|efficiency|reporting|planning|continuous improvement|Excel|AWS|CRM","Operations & Process title aligns with the target job families.|Resume overlap: operations, process, workflow, efficiency, reporting.|Technical overlap: Excel, AWS, CRM, data modeling, dashboards, automation.|Explicit USA-remote listing appears compatible with living in New Orleans.","Posting references up to 6 years of experience.|Management or architecture scope may be a stretch."
"327","gh-reddit-7973810","Experience Partner, Programs","Reddit","Remote - United States","Remote","Project & Program","64","Possible","Employer Greenhouse board","https://job-boards.greenhouse.io/reddit/jobs/7973810","2026-06-02","Check listing","Not listed","project|program|stakeholder|process|coordination|timeline|Excel","Responsibilities include transferable project & program work.|Resume overlap: project, program, stakeholder, process, coordination.|Technical overlap: Excel.|Explicit USA-remote listing appears compatible with living in New Orleans.","Posting references up to 3 years of experience; compare the exact requirement."
"328","gh-reddit-7834671","Senior Data Science Manager, Marketing","Reddit","Remote - United States","Remote","Data & Analytics","64","Possible","Employer Greenhouse board","https://job-boards.greenhouse.io/reddit/jobs/7834671","2026-05-15","Check listing","Not listed","sql|excel|dashboard|reporting|analytics|metrics|insights|Python|SQL|Excel","Data & Analytics title aligns with the target job families.|Resume overlap: sql, excel, dashboard, reporting, analytics.|Technical overlap: Python, SQL, Excel, dashboards.|Explicit USA-remote listing appears compatible with living in New Orleans.","Posting references up to 5 years of experience.|Management or architecture scope may be a stretch."
"329","gh-samsara-7487344","Manager II, Customer Success","Samsara","Remote - US","Remote","Customer & Implementation","64","Possible","Employer Greenhouse board","https://www.samsara.com/company/careers/roles/7487344?gh_jid=7487344","2026-06-11","Check listing","Not listed","customer|support|communication|adoption|service|automation","Customer & Implementation title aligns with the target job families.|Resume overlap: customer, support, communication, adoption, service.|Technical overlap: automation.|Explicit USA-remote listing appears compatible with living in New Orleans.","Posting references up to 5 years of experience.|Management or architecture scope may be a stretch."
"330","gh-samsara-7759850","Manager, Implementation - Public Sector Customer Success","Samsara","Remote - US","Remote","Customer & Implementation","64","Possible","Employer Greenhouse board","https://www.samsara.com/company/careers/roles/7759850?gh_jid=7759850","2026-06-11","Check listing","Not listed","customer|implementation|onboarding|support|communication|adoption|service|Excel|automation","Customer & Implementation title aligns with the target job families.|Resume overlap: customer, implementation, onboarding, support, communication.|Technical overlap: Excel, automation.|Explicit USA-remote listing appears compatible with living in New Orleans.","Posting references up to 8 years of experience.|Management or architecture scope may be a stretch."
"331","gh-samsara-7558150","Manager, Operations Program Management","Samsara","Remote - US","Remote","Project & Program","64","Possible","Employer Greenhouse board","https://www.samsara.com/company/careers/roles/7558150?gh_jid=7558150","2026-06-11","Check listing","Not listed","project|program|workflow|process|delivery|Excel","Project & Program title aligns with the target job families.|Resume overlap: project, program, workflow, process, delivery.|Technical overlap: Excel.|Explicit USA-remote listing appears compatible with living in New Orleans.","Posting references up to 7 years of experience.|Management or architecture scope may be a stretch."
"332","gh-samsara-7712774","Manager, Technical Account Management","Samsara","Remote - US","Remote","Customer & Implementation","64","Possible","Employer Greenhouse board","https://www.samsara.com/company/careers/roles/7712774?gh_jid=7712774","2026-06-11","Check listing","Not listed","customer|support|communication|service|SQL|Excel|dashboards","Customer & Implementation title aligns with the target job families.|Resume overlap: customer, support, communication, service.|Technical overlap: SQL, Excel, dashboards.|Explicit USA-remote listing appears compatible with living in New Orleans.","Posting references up to 3 years of experience; compare the exact requirement.|Management or architecture scope may be a stretch."
"333","gh-samsara-7815804","Sales Operations Manager - Enterprise","Samsara","Remote - US","Remote","Operations & Process","64","Possible","Employer Greenhouse board","https://www.samsara.com/company/careers/roles/7815804?gh_jid=7815804","2026-06-11","Check listing","Not listed","operations|process|workflow|efficiency|Excel|automation","Operations & Process title aligns with the target job families.|Resume overlap: operations, process, workflow, efficiency.|Technical overlap: Excel, automation.|Explicit USA-remote listing appears compatible with living in New Orleans.","Posting references up to 6 years of experience.|Management or architecture scope may be a stretch."
"334","gh-samsara-7917475","Senior Marketing Analytics Manager - BI & Data Architecture","Samsara","Remote - US","Remote","Data & Analytics","64","Possible","Employer Greenhouse board","https://www.samsara.com/company/careers/roles/7917475?gh_jid=7917475","2026-06-11","Check listing","Not listed","sql|dashboard|reporting|analytics|data model|insights|Python|SQL|dashboards","Data & Analytics title aligns with the target job families.|Resume overlap: sql, dashboard, reporting, analytics, data model.|Technical overlap: Python, SQL, dashboards.|Explicit USA-remote listing appears compatible with living in New Orleans.","Posting references up to 5 years of experience.|Management or architecture scope may be a stretch."
"335","gh-samsara-7615410","Senior Program Manager - Sales Programs (Transformational)","Samsara","Remote - US","Remote","Project & Program","64","Possible","Employer Greenhouse board","https://www.samsara.com/company/careers/roles/7615410?gh_jid=7615410","2026-06-11","Check listing","Not listed","project|program|stakeholder|workflow|process|documentation|delivery|Excel|automation","Project & Program title aligns with the target job families.|Resume overlap: project, program, stakeholder, workflow, process.|Technical overlap: Excel, automation.|Explicit USA-remote listing appears compatible with living in New Orleans.","Posting references up to 8 years of experience.|Management or architecture scope may be a stretch."
"336","gh-samsara-7763623","Technical Account Manager","Samsara","Remote - US","Remote","Customer & Implementation","64","Possible","Employer Greenhouse board","https://www.samsara.com/company/careers/roles/7763623?gh_jid=7763623","2026-06-11","Check listing","Not listed","customer|support|communication|adoption|service|Python","Customer & Implementation title aligns with the target job families.|Resume overlap: customer, support, communication, adoption, service.|Technical overlap: Python.|Explicit USA-remote listing appears compatible with living in New Orleans.","Posting references up to 5 years of experience.|Management or architecture scope may be a stretch."
"337","gh-samsara-7482459","Enterprise Customer Success Manager","Samsara","Remote - US","Remote","Customer & Implementation","64","Possible","Employer Greenhouse board","https://www.samsara.com/company/careers/roles/7482459?gh_jid=7482459","2026-06-09","Check listing","Not listed","customer|support|communication|adoption|service","Customer & Implementation title aligns with the target job families.|Resume overlap: customer, support, communication, adoption, service.|Explicit USA-remote listing appears compatible with living in New Orleans.","Posting references up to 6 years of experience.|Management or architecture scope may be a stretch."
"338","gh-samsara-7481333","Enterprise Customer Success Manager - Public Sector","Samsara","Remote - US","Remote","Customer & Implementation","64","Possible","Employer Greenhouse board","https://www.samsara.com/company/careers/roles/7481333?gh_jid=7481333","2026-06-09","Check listing","Not listed","customer|implementation|support|communication|service","Customer & Implementation title aligns with the target job families.|Resume overlap: customer, implementation, support, communication, service.|Explicit USA-remote listing appears compatible with living in New Orleans.","Posting references up to 3 years of experience; compare the exact requirement.|Management or architecture scope may be a stretch."
"339","gh-samsara-7589195","Sr. Manager, Customer Success","Samsara","Remote - US","Remote","Customer & Implementation","64","Possible","Employer Greenhouse board","https://www.samsara.com/company/careers/roles/7589195?gh_jid=7589195","2026-06-09","Check listing","Not listed","customer|support|communication|adoption|service|automation","Customer & Implementation title aligns with the target job families.|Resume overlap: customer, support, communication, adoption, service.|Technical overlap: automation.|Explicit USA-remote listing appears compatible with living in New Orleans.","Posting references up to 6 years of experience.|Management or architecture scope may be a stretch."
"340","gh-smartsheet-7979493","Sr. Customer Success Manager - Enterprise (West)","Smartsheet","-REMOTE, USA-","Remote","Customer & Implementation","64","Possible","Employer Greenhouse board","https://job-boards.greenhouse.io/smartsheet/jobs/7979493","2026-06-12","Check listing","Not listed","customer|onboarding|support|communication|training|adoption|service|AWS","Customer & Implementation title aligns with the target job families.|Resume overlap: customer, onboarding, support, communication, training.|Technical overlap: AWS.|Explicit USA-remote listing appears compatible with living in New Orleans.","Posting references up to 20 years of experience.|Management or architecture scope may be a stretch."
"341","gh-stripe-7214197","Program Manager, Risk Ops Enablement","Stripe","US-Remote","Remote","Project & Program","64","Possible","Employer Greenhouse board","https://stripe.com/jobs/search?gh_jid=7214197","2026-06-11","Check listing","Not listed","project|program|stakeholder|process|SQL|Excel","Project & Program title aligns with the target job families.|Resume overlap: project, program, stakeholder, process.|Technical overlap: SQL, Excel.|Explicit USA-remote listing appears compatible with living in New Orleans.","Posting references up to 6 years of experience.|Management or architecture scope may be a stretch."
"342","gh-stripe-7953899","People Project Manager","Stripe","US-Remote, Atlanta, Chicago","Remote","Project & Program","64","Possible","Employer Greenhouse board","https://stripe.com/jobs/search?gh_jid=7953899","2026-06-10","Check listing","Not listed","project|program|stakeholder|workflow|process|delivery|Excel|CRM","Project & Program title aligns with the target job families.|Resume overlap: project, program, stakeholder, workflow, process.|Technical overlap: Excel, CRM.|Explicit USA-remote listing appears compatible with living in New Orleans.","Posting references up to 7 years of experience.|Management or architecture scope may be a stretch."
"343","gh-stripe-7656504","Program Manager, GTM Planning","Stripe","US-Chicago, US-Remote","Remote","Project & Program","64","Possible","Employer Greenhouse board","https://stripe.com/jobs/search?gh_jid=7656504","2026-06-08","Check listing","Not listed","project|program|stakeholder|process|delivery|SQL|Excel|CRM","Project & Program title aligns with the target job families.|Resume overlap: project, program, stakeholder, process, delivery.|Technical overlap: SQL, Excel, CRM.|Explicit USA-remote listing appears compatible with living in New Orleans.","Posting references up to 7 years of experience.|Management or architecture scope may be a stretch."
"344","gh-stripe-7736482","Corporate Network Engineering Manager","Stripe","US Remote","Remote","Cloud & Infrastructure","64","Possible","Employer Greenhouse board","https://stripe.com/jobs/search?gh_jid=7736482","2026-06-05","Check listing","Not listed","linux|infrastructure|api|security|Python|Excel|Linux|automation","Cloud & Infrastructure title aligns with the target job families.|Resume overlap: linux, infrastructure, api, security.|Technical overlap: Python, Excel, Linux, automation.|Explicit USA-remote listing appears compatible with living in New Orleans.","Management or architecture scope may be a stretch."
"345","gh-stripe-7966641","Program Manager, Security Business Enablement","Stripe","US-REMOTE","Remote","Project & Program","64","Possible","Employer Greenhouse board","https://stripe.com/jobs/search?gh_jid=7966641","2026-06-05","Check listing","Not listed","project|program|stakeholder|process|dashboards|automation","Project & Program title aligns with the target job families.|Resume overlap: project, program, stakeholder, process.|Technical overlap: dashboards, automation.|Explicit USA-remote listing appears compatible with living in New Orleans.","Posting references up to 5 years of experience.|Management or architecture scope may be a stretch."
"346","gh-stripe-7417090","Technical Program Manager, Identity and Access Management Programs","Stripe","Remote in the US, Chicago, Atlanta","Remote","Project & Program","64","Possible","Employer Greenhouse board","https://stripe.com/jobs/search?gh_jid=7417090","2026-06-05","Check listing","Not listed","program|implementation|stakeholder|process|delivery|timeline|Excel","Project & Program title aligns with the target job families.|Resume overlap: program, implementation, stakeholder, process, delivery.|Technical overlap: Excel.|Explicit USA-remote listing appears compatible with living in New Orleans.","Posting references up to 5 years of experience.|Management or architecture scope may be a stretch."
"347","gh-stripe-7985196","Technical Program Manager, Service Infrastructure","Stripe","Seattle, San Francisco, Remote in the US","Remote","Project & Program","64","Possible","Employer Greenhouse board","https://stripe.com/jobs/search?gh_jid=7985196","2026-06-05","Check listing","Not listed","project|program|stakeholder|process|documentation|delivery|Excel","Project & Program title aligns with the target job families.|Resume overlap: project, program, stakeholder, process, documentation.|Technical overlap: Excel.|Explicit USA-remote listing appears compatible with living in New Orleans.","Posting references up to 7 years of experience.|Management or architecture scope may be a stretch."
"348","gh-stripe-6458492","Technical Account Manager","Stripe","Atlanta, Chicago, New York City, San Francisco, Seattle, US Remote","Remote","Customer & Implementation","64","Possible","Employer Greenhouse board","https://stripe.com/jobs/search?gh_jid=6458492","2026-05-20","Check listing","Not listed","customer|client|support|communication|adoption|Python|SQL","Customer & Implementation title aligns with the target job families.|Resume overlap: customer, client, support, communication, adoption.|Technical overlap: Python, SQL.|Explicit USA-remote listing appears compatible with living in New Orleans.","Posting references up to 5 years of experience.|Management or architecture scope may be a stretch."
"349","gh-stripe-7366283","Technical Account Manager, Terminal","Stripe","Remote, US","Remote","Customer & Implementation","64","Possible","Employer Greenhouse board","https://stripe.com/jobs/search?gh_jid=7366283","2026-05-20","Check listing","Not listed","customer|client|implementation|onboarding|support|communication|Python|SQL|REST APIs","Customer & Implementation title aligns with the target job families.|Resume overlap: customer, client, implementation, onboarding, support.|Technical overlap: Python, SQL, REST APIs.|Explicit USA-remote listing appears compatible with living in New Orleans.","Posting references up to 5 years of experience.|Management or architecture scope may be a stretch."
"350","gh-twilio-7658259","Software Architect, Reliability Engineering","Twilio","Remote - US","Remote","Software & QA","64","Possible","Employer Greenhouse board","https://job-boards.greenhouse.io/twilio/jobs/7658259","2026-06-12","Check listing","Not listed","python|java|backend|automation|software|Python|Java|Excel|AWS","Software & QA title aligns with the target job families.|Resume overlap: python, java, backend, automation, software.|Technical overlap: Python, Java, Excel, AWS, automation.|Explicit USA-remote listing appears compatible with living in New Orleans.","Posting references up to 15 years of experience.|Management or architecture scope may be a stretch."
"351","gh-affirm-7712707003","Business Development Associate","Affirm","Remote US","Remote","Content & Creative Technology","63","Possible","Employer Greenhouse board","https://job-boards.greenhouse.io/affirm/jobs/7712707003","2026-05-26","Check listing","$ 75,000 - $105,000","content|creative|Excel","Responsibilities include transferable content & creative technology work.|Resume overlap: content, creative.|Technical overlap: Excel.|Seniority appears compatible with early-career graduate experience.","Verify exact years, degree requirements, and state eligibility on the live application."
"352","jobicy-146253","Research Associate","ECS","USA - Remote","Remote","Project & Program","63","Possible","Jobicy","https://jobicy.com/jobs/146253-research-associate-3","2026-06-12","Part-Time","USD 24000-? yearly","project|program|timeline","Responsibilities include transferable project & program work.|Resume overlap: project, program, timeline.|Seniority appears compatible with early-career graduate experience.|Explicit USA-remote listing appears compatible with living in New Orleans.","Verify exact years, degree requirements, and state eligibility on the live application."
"353","gh-gitlab-8496880002","Field CTO - US West","GitLab","Remote, US","Remote","Customer & Implementation","63","Possible","Employer Greenhouse board","https://job-boards.greenhouse.io/gitlab/jobs/8496880002","2026-06-05","Check listing","Not listed","customer|support|communication|adoption|service","Responsibilities include transferable customer & implementation work.|Resume overlap: customer, support, communication, adoption, service.|Explicit USA-remote listing appears compatible with living in New Orleans.","Verify exact years, degree requirements, and state eligibility on the live application."
"354","gh-gitlab-8493679002","Field CTO, Public Sector","GitLab","Remote, US","Remote","Customer & Implementation","63","Possible","Employer Greenhouse board","https://job-boards.greenhouse.io/gitlab/jobs/8493679002","2026-06-05","Check listing","Not listed","customer|support|communication|adoption|service","Responsibilities include transferable customer & implementation work.|Resume overlap: customer, support, communication, adoption, service.|Explicit USA-remote listing appears compatible with living in New Orleans.","Verify exact years, degree requirements, and state eligibility on the live application."
"355","gh-gitlab-8535309002","Senior Executive Business Partner","GitLab","Remote, Americas","Remote","Operations & Process","63","Possible","Employer Greenhouse board","https://job-boards.greenhouse.io/gitlab/jobs/8535309002","2026-06-05","Check listing","Not listed","operations|process|workflow|efficiency|documentation|reporting|coordination|planning","Responsibilities include transferable operations & process work.|Resume overlap: operations, process, workflow, efficiency, documentation.|Explicit USA-remote listing appears compatible with living in New Orleans.","Senior or lead scope should be checked against the required years."
"356","gh-grafanalabs-5802159004","Senior AI Engineer - Grafana Ops, AI/ML | USA | Remote","Grafana Labs","United States (Remote)","Remote","Cloud & Infrastructure","63","Possible","Employer Greenhouse board","https://job-boards.greenhouse.io/grafanalabs/jobs/5802159004","2026-05-27","Check listing","Not listed","aws|azure|cloud|infrastructure|api|security|AWS|Azure|automation","Responsibilities include transferable cloud & infrastructure work.|Resume overlap: aws, azure, cloud, infrastructure, api.|Technical overlap: AWS, Azure, automation.|Explicit USA-remote listing appears compatible with living in New Orleans.","Senior or lead scope should be checked against the required years."
"357","gh-instacart-7532267","Machine Learning PhD Intern, Economics (Fall)","Instacart","United States - Remote","Remote","Project & Program","63","Possible","Employer Greenhouse board","https://instacart.careers/job/?gh_jid=7532267","2026-06-10","Check listing","Not listed","project|stakeholder|process|delivery|Python|SQL","Responsibilities include transferable project & program work.|Resume overlap: project, stakeholder, process, delivery.|Technical overlap: Python, SQL.|Explicit USA-remote listing appears compatible with living in New Orleans.","Verify exact years, degree requirements, and state eligibility on the live application."
"358","jobicy-146121","Salesforce Project Manager","AllCloud","USA - Remote","Remote","Project & Program","62","Possible","Jobicy","https://jobicy.com/jobs/146121-salesforce-project-manager","2026-06-10","Full-Time","Not listed","project|implementation|timeline|AWS","Project & Program title aligns with the target job families.|Resume overlap: project, implementation, timeline.|Technical overlap: AWS.|Explicit USA-remote listing appears compatible with living in New Orleans.","Management or architecture scope may be a stretch."
"359","jobicy-146321","Customer Education Program Manager","Ashby","USA - Remote","Remote","Project & Program","62","Possible","Jobicy","https://jobicy.com/jobs/146321-customer-education-program-manager","2026-06-12","Full-Time","USD 135000-153000 yearly","project|program|implementation|stakeholder|workflow|process|coordination","Project & Program title aligns with the target job families.|Resume overlap: project, program, implementation, stakeholder, workflow.|Explicit USA-remote listing appears compatible with living in New Orleans.","Management or architecture scope may be a stretch."
"360","jobicy-146320","Sr. Customer Success Manager – Central","Axon","USA - Remote","Remote","Customer & Implementation","62","Possible","Jobicy","https://jobicy.com/jobs/146320-sr-customer-success-manager-central","2026-06-12","Full-Time","USD 86250-138000 yearly","customer|client|implementation|support|communication|training|adoption|Excel|AWS","Customer & Implementation title aligns with the target job families.|Resume overlap: customer, client, implementation, support, communication.|Technical overlap: Excel, AWS.|Explicit USA-remote listing appears compatible with living in New Orleans.","Posting references up to 5 years of experience.|Management or architecture scope may be a stretch."
"361","gh-coinbase-7773124","Sr. Program Manager, Learning & Development","Coinbase","Remote - USA","Remote","Project & Program","62","Possible","Employer Greenhouse board","https://www.coinbase.com/careers/positions/7773124?gh_jid=7773124","2026-06-08","Check listing","Not listed","program|stakeholder|workflow|delivery|AWS","Project & Program title aligns with the target job families.|Resume overlap: program, stakeholder, workflow, delivery.|Technical overlap: AWS.|Explicit USA-remote listing appears compatible with living in New Orleans.","Posting references up to 7 years of experience.|Management or architecture scope may be a stretch."
"362","jobicy-146323","Senior Customer Support Manager","Cordance","USA - Remote","Remote","Customer & Implementation","62","Possible","Jobicy","https://jobicy.com/jobs/146323-senior-customer-support-manager-2","2026-06-12","Full-Time","Not listed","customer|onboarding|support|communication|training|adoption|service|Excel|AWS|dashboards","Customer & Implementation title aligns with the target job families.|Resume overlap: customer, onboarding, support, communication, training.|Technical overlap: Excel, AWS, dashboards.|Explicit USA-remote listing appears compatible with living in New Orleans.","Posting references up to 8 years of experience.|Management or architecture scope may be a stretch."
"363","jobicy-146548","Client Success Manager – Payer","Datavant","USA - Remote","Remote","Customer & Implementation","62","Possible","Jobicy","https://jobicy.com/jobs/146548-client-success-manager-payer","2026-06-15","Full-Time","USD 100000-120000 yearly","customer|client|support|communication|service|SQL|Excel","Customer & Implementation title aligns with the target job families.|Resume overlap: customer, client, support, communication, service.|Technical overlap: SQL, Excel.|Explicit USA-remote listing appears compatible with living in New Orleans.","Posting references up to 5 years of experience.|Management or architecture scope may be a stretch."
"364","jobicy-146547","Manager, Client Sucess","Datavant","USA - Remote","Remote","Customer & Implementation","62","Possible","Jobicy","https://jobicy.com/jobs/146547-manager-client-sucess","2026-06-15","Full-Time","USD 130000-150000 yearly","customer|client|implementation|support|communication|service|Excel","Customer & Implementation title aligns with the target job families.|Resume overlap: customer, client, implementation, support, communication.|Technical overlap: Excel.|Explicit USA-remote listing appears compatible with living in New Orleans.","Posting references up to 6 years of experience.|Management or architecture scope may be a stretch."
"365","jobicy-146311","Program Manager Sr, AI Governance","Dayforce","USA - Remote","Remote","Project & Program","62","Possible","Jobicy","https://jobicy.com/jobs/146311-program-manager-sr-ai-governance","2026-06-12","Full-Time","USD 95100-169800 yearly","project|program|implementation|stakeholder|process|documentation|coordination|delivery|timeline|Excel","Project & Program title aligns with the target job families.|Resume overlap: project, program, implementation, stakeholder, process.|Technical overlap: Excel, technical documentation.|Explicit USA-remote listing appears compatible with living in New Orleans.","Posting references up to 5 years of experience.|Management or architecture scope may be a stretch."
"366","gh-grafanalabs-6008077004","Senior Product Manager, Infrastructure Observability | US | Remote","Grafana Labs","United States (Remote)","Remote","Cloud & Infrastructure","62","Possible","Employer Greenhouse board","https://job-boards.greenhouse.io/grafanalabs/jobs/6008077004","2026-05-28","Check listing","$162,275 - $194,730","cloud|infrastructure|api|monitoring|Excel","Cloud & Infrastructure title aligns with the target job families.|Resume overlap: cloud, infrastructure, api, monitoring.|Technical overlap: Excel.|Explicit USA-remote listing appears compatible with living in New Orleans.","Posting references up to 7 years of experience.|Management or architecture scope may be a stretch."
"367","jobicy-146135","Senior Customer Success Manager","Karbon","USA - Remote","Remote","Customer & Implementation","62","Possible","Jobicy","https://jobicy.com/jobs/146135-senior-customer-success-manager-12","2026-06-10","Full-Time","USD 90000-115000 yearly","customer|implementation|onboarding|support|communication|crm|adoption|service|Excel|CRM","Customer & Implementation title aligns with the target job families.|Resume overlap: customer, implementation, onboarding, support, communication.|Technical overlap: Excel, CRM, dashboards.|Explicit USA-remote listing appears compatible with living in New Orleans.","Posting references up to 7 years of experience.|Management or architecture scope may be a stretch."
"368","jobicy-146136","Strategic Customer Success Manager","Osano","USA - Remote","Remote","Customer & Implementation","62","Possible","Jobicy","https://jobicy.com/jobs/146136-strategic-customer-success-manager-4","2026-06-10","Full-Time","Not listed","customer|support|communication|crm|training|adoption|service|AWS|CRM|automation","Customer & Implementation title aligns with the target job families.|Resume overlap: customer, support, communication, crm, training.|Technical overlap: AWS, CRM, automation.|Explicit USA-remote listing appears compatible with living in New Orleans.","Posting references up to 5 years of experience.|Management or architecture scope may be a stretch."
"369","jobicy-146309","Strategic Customer Success Manager","Retool","USA - Remote","Remote","Customer & Implementation","62","Possible","Jobicy","https://jobicy.com/jobs/146309-strategic-customer-success-manager-5","2026-06-12","Full-Time","Not listed","customer|support|communication|adoption|service","Customer & Implementation title aligns with the target job families.|Resume overlap: customer, support, communication, adoption, service.|Explicit USA-remote listing appears compatible with living in New Orleans.","Posting references up to 5 years of experience.|Management or architecture scope may be a stretch."
"370","jobicy-146553","Customer Success Manager","Screenverse","USA - Remote","Remote","Customer & Implementation","62","Possible","Jobicy","https://jobicy.com/jobs/146553-customer-success-manager-37","2026-06-15","Full-Time","USD 85000-95000 yearly","customer|client|support|communication|training|Excel","Customer & Implementation title aligns with the target job families.|Resume overlap: customer, client, support, communication, training.|Technical overlap: Excel.|Explicit USA-remote listing appears compatible with living in New Orleans.","Posting references up to 5 years of experience.|Management or architecture scope may be a stretch."
"371","jobicy-146327","Senior Enterprise Customer Success Manager","Signifyd","USA - Remote","Remote","Customer & Implementation","62","Possible","Jobicy","https://jobicy.com/jobs/146327-senior-enterprise-customer-success-manager","2026-06-12","Full-Time","USD 120000-135000 yearly","customer|client|implementation|onboarding|support|communication|adoption|service|Excel","Customer & Implementation title aligns with the target job families.|Resume overlap: customer, client, implementation, onboarding, support.|Technical overlap: Excel.|Explicit USA-remote listing appears compatible with living in New Orleans.","Posting references up to 5 years of experience.|Management or architecture scope may be a stretch."
"372","gh-stripe-7913406","Payments Fraud Investigator","Stripe","US-Remote","Remote","Project & Program","62","Possible","Employer Greenhouse board","https://stripe.com/jobs/search?gh_jid=7913406","2026-06-05","Check listing","Not listed","project|program|stakeholder|workflow|process|SQL|dashboards","Responsibilities include transferable project & program work.|Resume overlap: project, program, stakeholder, workflow, process.|Technical overlap: SQL, dashboards.|Explicit USA-remote listing appears compatible with living in New Orleans.","Posting references up to 3 years of experience; compare the exact requirement."
"373","gh-stripe-7584016","Campaign Operations Manager","Stripe","San Francisco, Seattle, New York, Chicago, Remote in the US","Remote","Operations & Process","62","Possible","Employer Greenhouse board","https://stripe.com/jobs/search?gh_jid=7584016","2026-06-05","Check listing","Not listed","operations|process|workflow|efficiency|documentation|planning|Excel|automation","Operations & Process title aligns with the target job families.|Resume overlap: operations, process, workflow, efficiency, documentation.|Technical overlap: Excel, automation.|Explicit USA-remote listing appears compatible with living in New Orleans.","Posting references up to 10 years of experience.|Management or architecture scope may be a stretch."
"374","jobicy-146551","Customer Success Manager","Thales","USA - Remote","Remote","Customer & Implementation","62","Possible","Jobicy","https://jobicy.com/jobs/146551-customer-success-manager-36","2026-06-15","Full-Time","USD 85919-155282 yearly","customer|implementation|onboarding|support|communication|adoption|service|Excel","Customer & Implementation title aligns with the target job families.|Resume overlap: customer, implementation, onboarding, support, communication.|Technical overlap: Excel.|Explicit USA-remote listing appears compatible with living in New Orleans.","Posting references up to 5 years of experience.|Management or architecture scope may be a stretch."
"375","jobicy-146439","Data Product Manager","YipitData","USA - Remote","Remote","Data & Analytics","62","Possible","Jobicy","https://jobicy.com/jobs/146439-data-product-manager","2026-06-13","Full-Time","Not listed","sql|excel|analytics|data model|insights|SQL|Excel","Data & Analytics title aligns with the target job families.|Resume overlap: sql, excel, analytics, data model, insights.|Technical overlap: SQL, Excel.|Explicit USA-remote listing appears compatible with living in New Orleans.","Posting references up to 6 years of experience.|Management or architecture scope may be a stretch."
"376","gh-affirm-7719651003","Machine Learning Engineer II (Servicing ML)","Affirm","Remote US","Remote","Operations & Process","61","Possible","Employer Greenhouse board","https://job-boards.greenhouse.io/affirm/jobs/7719651003","2026-06-05","Check listing","$165,000 - $225,000","operations|process|workflow|quality|Python","Responsibilities include transferable operations & process work.|Resume overlap: operations, process, workflow, quality.|Technical overlap: Python.|Explicit USA-remote listing appears compatible with living in New Orleans.","Verify exact years, degree requirements, and state eligibility on the live application."
"377","gh-airtable-8442397002","Software Engineer, Compute (8+ YOE)","Airtable","San Francisco, CA; New York, NY; Remote - US","Remote","Software & QA","61","Possible","Employer Greenhouse board","https://job-boards.greenhouse.io/airtable/jobs/8442397002","2026-05-13","Check listing","Not listed","software|Excel|AWS","Software & QA title aligns with the target job families.|Resume overlap: software.|Technical overlap: Excel, AWS.|Explicit USA-remote listing appears compatible with living in New Orleans.","Posting references up to 8 years of experience."
"378","gh-airtable-8447535002","Senior Analyst, People Technology","Airtable","Remote - US","Remote","Data & Analytics","61","Possible","Employer Greenhouse board","https://job-boards.greenhouse.io/airtable/jobs/8447535002","2026-05-19","Check listing","Not listed","reporting|AWS|automation","Data & Analytics title aligns with the target job families.|Resume overlap: reporting.|Technical overlap: AWS, automation.|Explicit USA-remote listing appears compatible with living in New Orleans.","Posting references up to 5 years of experience.|Senior or lead scope should be checked against the required years."
"379","gh-coinbase-7967333","Senior Insider Threat Analyst","Coinbase","Remote - USA","Remote","Data & Analytics","61","Possible","Employer Greenhouse board","https://www.coinbase.com/careers/positions/7967333?gh_jid=7967333","2026-06-11","Check listing","Not listed","reporting|AWS|automation","Data & Analytics title aligns with the target job families.|Resume overlap: reporting.|Technical overlap: AWS, automation.|Explicit USA-remote listing appears compatible with living in New Orleans.","Posting references up to 5 years of experience.|Senior or lead scope should be checked against the required years."
"380","gh-gitlab-8562271002","Business Development Representative, SLED - East","GitLab","Remote, US","Remote","Customer & Implementation","61","Possible","Employer Greenhouse board","https://job-boards.greenhouse.io/gitlab/jobs/8562271002","2026-06-05","Check listing","Not listed","onboarding|support|training|service|Excel","Responsibilities include transferable customer & implementation work.|Resume overlap: onboarding, support, training, service.|Technical overlap: Excel.|Explicit USA-remote listing appears compatible with living in New Orleans.","Verify exact years, degree requirements, and state eligibility on the live application."
"381","jobicy-146313","Field Service Professional – Youngstown, OH","NRG","USA - Remote","Remote","Customer & Implementation","61","Possible","Jobicy","https://jobicy.com/jobs/146313-field-service-professional-youngstown-oh","2026-06-12","Full-Time","Not listed","customer|support|training|service|Excel|automation","Responsibilities include transferable customer & implementation work.|Resume overlap: customer, support, training, service.|Technical overlap: Excel, automation.|Explicit USA-remote listing appears compatible with living in New Orleans.","Verify exact years, degree requirements, and state eligibility on the live application."
"382","gh-reddit-7955200","Senior Frontend Engineer, Community Builders","Reddit","Remote - United States","Remote","Content & Creative Technology","61","Possible","Employer Greenhouse board","https://job-boards.greenhouse.io/reddit/jobs/7955200","2026-06-02","Check listing","Not listed","video|Java|JavaScript","Content & Creative Technology title aligns with the target job families.|Resume overlap: video.|Technical overlap: Java, JavaScript.|Explicit USA-remote listing appears compatible with living in New Orleans.","Posting references up to 6 years of experience.|Senior or lead scope should be checked against the required years."
"383","gh-samsara-7957787","Senior Workday Analyst - Benefits","Samsara","Remote - US","Remote","Data & Analytics","61","Possible","Employer Greenhouse board","https://www.samsara.com/company/careers/roles/7957787?gh_jid=7957787","2026-06-11","Check listing","Not listed","reporting|insights","Data & Analytics title aligns with the target job families.|Resume overlap: reporting, insights.|Explicit USA-remote listing appears compatible with living in New Orleans.","Posting references up to 5 years of experience.|Senior or lead scope should be checked against the required years."
"384","gh-samsara-7905376","Senior Workday Analyst, Compensation & Benefits","Samsara","Remote - US","Remote","Data & Analytics","61","Possible","Employer Greenhouse board","https://www.samsara.com/company/careers/roles/7905376?gh_jid=7905376","2026-06-11","Check listing","Not listed","reporting|insights","Data & Analytics title aligns with the target job families.|Resume overlap: reporting, insights.|Explicit USA-remote listing appears compatible with living in New Orleans.","Posting references up to 5 years of experience.|Senior or lead scope should be checked against the required years."
"385","gh-affirm-7742412003","Manager, Software Engineering (Card Platform)","Affirm","Remote US","Remote","Software & QA","60","Possible","Employer Greenhouse board","https://job-boards.greenhouse.io/affirm/jobs/7742412003","2026-06-08","Check listing","$230,000 - $290,000","python|backend|software|Python|Excel","Software & QA title aligns with the target job families.|Resume overlap: python, backend, software.|Technical overlap: Python, Excel.|Explicit USA-remote listing appears compatible with living in New Orleans.","Posting references up to 7 years of experience.|Management or architecture scope may be a stretch."
"386","gh-affirm-7704631003","Analytics Manager, Full Stack (Credit Risk)","Affirm","Remote US","Remote","Data & Analytics","60","Possible","Employer Greenhouse board","https://job-boards.greenhouse.io/affirm/jobs/7704631003","2026-06-03","Check listing","$220,000-280,000","sql|analytics|insights|Python|SQL","Data & Analytics title aligns with the target job families.|Resume overlap: sql, analytics, insights.|Technical overlap: Python, SQL.|Explicit USA-remote listing appears compatible with living in New Orleans.","Posting references up to 7 years of experience.|Management or architecture scope may be a stretch."
"387","gh-coinbase-7365422","Internal Audit IT Associate Manager","Coinbase","Remote - USA","Remote","IT & Systems","60","Possible","Employer Greenhouse board","https://www.coinbase.com/careers/positions/7365422?gh_jid=7365422","2026-06-11","Check listing","Not listed","support|AWS","IT & Systems title aligns with the target job families.|Resume overlap: support.|Technical overlap: AWS.|Seniority appears compatible with early-career graduate experience.","Posting references up to 6 years of experience.|Management or architecture scope may be a stretch."
"388","gh-samsara-7761103","Business Operations Manager, Technical Support Ops","Samsara","Remote - US","Remote","Operations & Process","60","Possible","Employer Greenhouse board","https://www.samsara.com/company/careers/roles/7761103?gh_jid=7761103","2026-06-11","Check listing","Not listed","operations|process|workflow|efficiency|reporting|SQL|Excel|automation","Operations & Process title aligns with the target job families.|Resume overlap: operations, process, workflow, efficiency, reporting.|Technical overlap: SQL, Excel, automation.|Explicit USA-remote listing appears compatible with living in New Orleans.","Posting references up to 8 years of experience.|Management or architecture scope may be a stretch."
"389","gh-samsara-7702368","Manager, Enterprise Customer Success - Select","Samsara","Remote - US","Remote","Customer & Implementation","60","Possible","Employer Greenhouse board","https://www.samsara.com/company/careers/roles/7702368?gh_jid=7702368","2026-06-11","Check listing","Not listed","customer|onboarding|support|communication|adoption|service|Excel","Customer & Implementation title aligns with the target job families.|Resume overlap: customer, onboarding, support, communication, adoption.|Technical overlap: Excel.|Explicit USA-remote listing appears compatible with living in New Orleans.","Posting references up to 8 years of experience.|Management or architecture scope may be a stretch."
"390","gh-samsara-7742662","Senior Program Manager, Sales Programs – AI","Samsara","Remote - US","Remote","Project & Program","60","Possible","Employer Greenhouse board","https://www.samsara.com/company/careers/roles/7742662?gh_jid=7742662","2026-06-11","Check listing","Not listed","project|program|stakeholder|workflow|process|delivery|Python","Project & Program title aligns with the target job families.|Resume overlap: project, program, stakeholder, workflow, process.|Technical overlap: Python.|Explicit USA-remote listing appears compatible with living in New Orleans.","Posting references up to 8 years of experience.|Management or architecture scope may be a stretch."
"391","gh-samsara-7398075","Strategic Customer Success Manager","Samsara","Remote - US","Remote","Customer & Implementation","60","Possible","Employer Greenhouse board","https://www.samsara.com/company/careers/roles/7398075?gh_jid=7398075","2026-06-09","Check listing","Not listed","customer|support|communication|service","Customer & Implementation title aligns with the target job families.|Resume overlap: customer, support, communication, service.|Explicit USA-remote listing appears compatible with living in New Orleans.","Posting references up to 6 years of experience.|Management or architecture scope may be a stretch."
"392","gh-smartsheet-7963918","Customer Success Manager II - Commercial (East)","Smartsheet","-REMOTE, USA-","Remote","Customer & Implementation","60","Possible","Employer Greenhouse board","https://job-boards.greenhouse.io/smartsheet/jobs/7963918","2026-06-12","Check listing","Not listed","customer|onboarding|support|communication|adoption|service|AWS","Customer & Implementation title aligns with the target job families.|Resume overlap: customer, onboarding, support, communication, adoption.|Technical overlap: AWS.|Explicit USA-remote listing appears compatible with living in New Orleans.","Posting references up to 20 years of experience.|Management or architecture scope may be a stretch."
"393","gh-instacart-7779561","Senior Data Scientist II - AI for Analytics","Instacart","United States - Remote","Remote","Data & Analytics","59","Possible","Employer Greenhouse board","https://instacart.careers/job/?gh_jid=7779561","2026-05-18","Check listing","Not listed","sql|analytics|metrics|Python|SQL","Data & Analytics title aligns with the target job families.|Resume overlap: sql, analytics, metrics.|Technical overlap: Python, SQL.|Explicit USA-remote listing appears compatible with living in New Orleans.","Posting references up to 8 years of experience.|Senior or lead scope should be checked against the required years."
"394","gh-pagerduty-5707881004","Territory Executive (US)","PagerDuty","Remote (USA)","Remote","Operations & Process","59","Possible","Employer Greenhouse board","https://job-boards.greenhouse.io/pagerduty/jobs/5707881004","2026-05-15","Check listing","Not listed","operations|process|workflow|efficiency|planning|continuous improvement|Excel|AWS|automation","Responsibilities include transferable operations & process work.|Resume overlap: operations, process, workflow, efficiency, planning.|Technical overlap: Excel, AWS, automation.|Explicit USA-remote listing appears compatible with living in New Orleans.","Posting references up to 7 years of experience."
"395","gh-twilio-7990808","Digital Sales Representative 2","Twilio","Remote - US","Remote","Customer & Implementation","59","Possible","Employer Greenhouse board","https://job-boards.greenhouse.io/twilio/jobs/7990808","2026-06-12","Check listing","Not listed","customer|support|communication|service","Responsibilities include transferable customer & implementation work.|Resume overlap: customer, support, communication, service.|Explicit USA-remote listing appears compatible with living in New Orleans.","Verify exact years, degree requirements, and state eligibility on the live application."
"396","gh-grafanalabs-5999936004","Senior Manager, Web Technology | US | Remote","Grafana Labs","United States (Remote)","Remote","Operations & Process","58","Possible","Employer Greenhouse board","https://job-boards.greenhouse.io/grafanalabs/jobs/5999936004","2026-05-19","Check listing","$183,858 - $220,630","operations|process|workflow|efficiency|documentation|reporting|quality|coordination|planning|Excel","Responsibilities include transferable operations & process work.|Resume overlap: operations, process, workflow, efficiency, documentation.|Technical overlap: Excel, automation.|Explicit USA-remote listing appears compatible with living in New Orleans.","Management or architecture scope may be a stretch."
"397","gh-launchdarkly-7709014003","Senior Manager, Strategic Customer Success","LaunchDarkly","Remote - US","Remote","Customer & Implementation","58","Possible","Employer Greenhouse board","https://job-boards.greenhouse.io/launchdarkly/jobs/7709014003","2026-05-04","Check listing","$ 152,000 - $210,000","customer|onboarding|support|communication|training|adoption","Customer & Implementation title aligns with the target job families.|Resume overlap: customer, onboarding, support, communication, training.|Explicit USA-remote listing appears compatible with living in New Orleans.","Posting references up to 12 years of experience.|Management or architecture scope may be a stretch."
"398","gh-stripe-7440963","Data Science Manager, Finance and Strategy","Stripe","Seattle, WA OR New York, NY OR Remote North America","Remote","Data & Analytics","58","Possible","Employer Greenhouse board","https://stripe.com/jobs/search?gh_jid=7440963","2026-06-05","Check listing","Not listed","excel|dashboard|reporting|analytics|metrics|Excel|dashboards","Data & Analytics title aligns with the target job families.|Resume overlap: excel, dashboard, reporting, analytics, metrics.|Technical overlap: Excel, dashboards.|Explicit USA-remote listing appears compatible with living in New Orleans.","Posting references up to 10 years of experience.|Management or architecture scope may be a stretch."
"399","gh-stripe-7470827","Program Manager, Solutions Architecture (GTM Transformation)","Stripe","Chicago, Atlanta, US-Remote","Remote","Project & Program","58","Possible","Employer Greenhouse board","https://stripe.com/jobs/search?gh_jid=7470827","2026-06-04","Check listing","Not listed","program|stakeholder|delivery|Excel","Project & Program title aligns with the target job families.|Resume overlap: program, stakeholder, delivery.|Technical overlap: Excel.|Explicit USA-remote listing appears compatible with living in New Orleans.","Posting references up to 7 years of experience.|Management or architecture scope may be a stretch."
"400","jobicy-146377","Sr. Technical Delivery Manager (East Region)","World Wide Technology","USA - Remote","Remote","Project & Program","58","Possible","Jobicy","https://jobicy.com/jobs/146377-sr-technical-delivery-manager-east-region","2026-06-13","Full-Time","USD 190000-220000 yearly","project|program|stakeholder|delivery|Excel|AWS|Azure|dashboards|automation","Project & Program title aligns with the target job families.|Resume overlap: project, program, stakeholder, delivery.|Technical overlap: Excel, AWS, Azure, dashboards, automation.|Explicit USA-remote listing appears compatible with living in New Orleans.","Posting references up to 14 years of experience.|Management or architecture scope may be a stretch."
"401","gh-affirm-7718808003","Security Risk Management Lead","Affirm","Remote US","Remote","Data & Analytics","57","Stretch","Employer Greenhouse board","https://job-boards.greenhouse.io/affirm/jobs/7718808003","2026-06-11","Check listing","$165,000 - $225,000","sql|excel|dashboard|reporting|metrics|insights|Python|SQL|Excel|AWS","Responsibilities include transferable data & analytics work.|Resume overlap: sql, excel, dashboard, reporting, metrics.|Technical overlap: Python, SQL, Excel, AWS, Azure, dashboards.|Explicit USA-remote listing appears compatible with living in New Orleans.","Posting references up to 5 years of experience.|Senior or lead scope should be checked against the required years."
"402","remotive-1680495","Office Assistant","Coalition Technologies","Worldwide - Remote","Remote","Data & Analytics","57","Stretch","Remotive","https://remotive.com/remote-jobs/marketing/office-assistant-1680495","2026-06-11","full_time","$31,2k- $52k","excel|reporting|database|Excel","Responsibilities include transferable data & analytics work.|Resume overlap: excel, reporting, database.|Technical overlap: Excel.|Explicit USA-remote listing appears compatible with living in New Orleans.","Verify exact years, degree requirements, and state eligibility on the live application."
"403","remotive-1749306","Copywriter","Coalition Technologies","Worldwide - Remote","Remote","Content & Creative Technology","57","Stretch","Remotive","https://remotive.com/remote-jobs/writing/copywriter-1749306","2026-06-02","freelance","$20k -$35k","content|digital|creative|Excel","Responsibilities include transferable content & creative technology work.|Resume overlap: content, digital, creative.|Technical overlap: Excel.|Explicit USA-remote listing appears compatible with living in New Orleans.","Verify exact years, degree requirements, and state eligibility on the live application."
"404","jobicy-146130","Payroll Associate","Forvis","USA - Remote","Remote","Customer & Implementation","57","Stretch","Jobicy","https://jobicy.com/jobs/146130-payroll-associate-2","2026-06-10","Full-Time","Not listed","client|support|communication|service|Excel|AWS","Responsibilities include transferable customer & implementation work.|Resume overlap: client, support, communication, service.|Technical overlap: Excel, AWS.|Seniority appears compatible with early-career graduate experience.","Posting references up to 5 years of experience."
"405","gh-instacart-5917202","Machine Learning Engineer, PhD Intern (Fall)","Instacart","United States - Remote","Remote","Operations & Process","57","Stretch","Employer Greenhouse board","https://instacart.careers/job/?gh_jid=5917202","2026-06-10","Check listing","Not listed","efficiency|quality|planning|Python","Responsibilities include transferable operations & process work.|Resume overlap: efficiency, quality, planning.|Technical overlap: Python.|Explicit USA-remote listing appears compatible with living in New Orleans.","Verify exact years, degree requirements, and state eligibility on the live application."
"406","jobicy-146199","Senior Security Engineer","Pair Team","USA - Remote","Remote","Cloud & Infrastructure","57","Stretch","Jobicy","https://jobicy.com/jobs/146199-senior-security-engineer","2026-06-11","Full-Time","USD 170000-190000 yearly","aws|cloud|infrastructure|api|security|Python|AWS|automation","Responsibilities include transferable cloud & infrastructure work.|Resume overlap: aws, cloud, infrastructure, api, security.|Technical overlap: Python, AWS, automation.|Explicit USA-remote listing appears compatible with living in New Orleans.","Senior or lead scope should be checked against the required years."
"407","gh-affirm-7712659003","People Knowledge Experience Manager","Affirm","Remote US","Remote","Project & Program","56","Stretch","Employer Greenhouse board","https://job-boards.greenhouse.io/affirm/jobs/7712659003","2026-06-11","Check listing","$130,000 - $180,000","program|implementation|stakeholder|workflow|process|documentation|delivery|Excel|automation","Responsibilities include transferable project & program work.|Resume overlap: program, implementation, stakeholder, workflow, process.|Technical overlap: Excel, automation.|Explicit USA-remote listing appears compatible with living in New Orleans.","Management or architecture scope may be a stretch."
"408","gh-affirm-7728511003","Senior Staff Software Engineer, Backend (Data and Storage Services)","Affirm","Remote US","Remote","Software & QA","56","Stretch","Employer Greenhouse board","https://job-boards.greenhouse.io/affirm/jobs/7728511003","2026-06-03","Check listing","$ 265,000 - 325,000","python|sql|backend|automation|testing|software|Python|SQL|Excel|AWS","Software & QA title aligns with the target job families.|Resume overlap: python, sql, backend, automation, testing.|Technical overlap: Python, SQL, Excel, AWS, data modeling, automation.|Explicit USA-remote listing appears compatible with living in New Orleans.","Posting references up to 10 years of experience.|Advanced title may require deeper specialized experience."
"409","gh-affirm-7715405003","Staff Analytics Engineer, Subledger Platform","Affirm","Remote US","Remote","Data & Analytics","56","Stretch","Employer Greenhouse board","https://job-boards.greenhouse.io/affirm/jobs/7715405003","2026-06-03","Check listing","$220,000 - $280,000","sql|excel|reporting|analytics|data model|insights|Python|SQL|Excel|AWS","Data & Analytics title aligns with the target job families.|Resume overlap: sql, excel, reporting, analytics, data model.|Technical overlap: Python, SQL, Excel, AWS, data modeling, automation.|Explicit USA-remote listing appears compatible with living in New Orleans.","Advanced title may require deeper specialized experience."
"410","gh-affirm-7749580003","Staff Software Engineer (Continuous Integration)","Affirm","Remote US","Remote","Software & QA","56","Stretch","Employer Greenhouse board","https://job-boards.greenhouse.io/affirm/jobs/7749580003","2026-06-03","Check listing","$225,000 - $275,000","python|java|automation|testing|git|software|Python|Java|Excel|AWS","Software & QA title aligns with the target job families.|Resume overlap: python, java, automation, testing, git.|Technical overlap: Python, Java, Excel, AWS, automation.|Explicit USA-remote listing appears compatible with living in New Orleans.","Advanced title may require deeper specialized experience."
"411","gh-coinbase-7580292","Senior Staff Software Engineer, Core Automation","Coinbase","Remote - USA","Remote","Software & QA","56","Stretch","Employer Greenhouse board","https://www.coinbase.com/careers/positions/7580292?gh_jid=7580292","2026-06-08","Check listing","Not listed","backend|automation|software|AWS","Software & QA title aligns with the target job families.|Resume overlap: backend, automation, software.|Technical overlap: AWS, automation.|Explicit USA-remote listing appears compatible with living in New Orleans.","Advanced title may require deeper specialized experience."
"412","gh-coinbase-7711287","Senior Staff Software Engineer, Data Platform","Coinbase","Remote - USA","Remote","Cloud & Infrastructure","56","Stretch","Employer Greenhouse board","https://www.coinbase.com/careers/positions/7711287?gh_jid=7711287","2026-06-08","Check listing","Not listed","aws|cloud|infrastructure|api|security|AWS","Cloud & Infrastructure title aligns with the target job families.|Resume overlap: aws, cloud, infrastructure, api, security.|Technical overlap: AWS.|Explicit USA-remote listing appears compatible with living in New Orleans.","Advanced title may require deeper specialized experience."
"413","gh-coinbase-7991691","Staff Site Reliability Engineer, Core AI Infrastructure","Coinbase","Remote - USA","Remote","Cloud & Infrastructure","56","Stretch","Employer Greenhouse board","https://www.coinbase.com/careers/positions/7991691?gh_jid=7991691","2026-06-08","Check listing","Not listed","aws|linux|cloud|infrastructure|monitoring|security|Python|Excel|AWS|Linux","Cloud & Infrastructure title aligns with the target job families.|Resume overlap: aws, linux, cloud, infrastructure, monitoring.|Technical overlap: Python, Excel, AWS, Linux, automation, technical documentation.|Explicit USA-remote listing appears compatible with living in New Orleans.","Posting references up to 8 years of experience.|Advanced title may require deeper specialized experience."
"414","gh-coinbase-7684298","Staff Software Engineer, Solana Staking Protocol","Coinbase","Remote - USA","Remote","Software & QA","56","Stretch","Employer Greenhouse board","https://www.coinbase.com/careers/positions/7684298?gh_jid=7684298","2026-06-08","Check listing","Not listed","automation|software|AWS","Software & QA title aligns with the target job families.|Resume overlap: automation, software.|Technical overlap: AWS, automation.|Explicit USA-remote listing appears compatible with living in New Orleans.","Advanced title may require deeper specialized experience."
"415","gh-gitlab-8574978002","Principal HRIS Analyst, People Technology - Workday","GitLab","Remote, US","Remote","Data & Analytics","56","Stretch","Employer Greenhouse board","https://job-boards.greenhouse.io/gitlab/jobs/8574978002","2026-06-08","Check listing","Not listed","dashboard|reporting|dashboards|automation","Data & Analytics title aligns with the target job families.|Resume overlap: dashboard, reporting.|Technical overlap: dashboards, automation.|Explicit USA-remote listing appears compatible with living in New Orleans.","Advanced title may require deeper specialized experience."
"416","gh-gitlab-8537793002","Director, Customer Support Systems","GitLab","Remote, US","Remote","Customer & Implementation","56","Stretch","Employer Greenhouse board","https://job-boards.greenhouse.io/gitlab/jobs/8537793002","2026-06-05","Check listing","Not listed","customer|onboarding|support|communication|adoption|service|dashboards|automation","Customer & Implementation title aligns with the target job families.|Resume overlap: customer, onboarding, support, communication, adoption.|Technical overlap: dashboards, automation.|Explicit USA-remote listing appears compatible with living in New Orleans.","Advanced title may require deeper specialized experience."
"417","gh-gitlab-8341795002","Principal Solutions Architect, AI / Core DevOps SME","GitLab","Remote, North America","Remote","Cloud & Infrastructure","56","Stretch","Employer Greenhouse board","https://job-boards.greenhouse.io/gitlab/jobs/8341795002","2026-06-05","Check listing","Not listed","cloud|api|monitoring|security|Excel","Cloud & Infrastructure title aligns with the target job families.|Resume overlap: cloud, api, monitoring, security.|Technical overlap: Excel.|Explicit USA-remote listing appears compatible with living in New Orleans.","Advanced title may require deeper specialized experience."
"418","gh-gitlab-8490477002","Staff Backend Engineer, Developer Experience","GitLab","Remote, Canada; Remote, United Kingdom; Remote, US","Remote","Software & QA","56","Stretch","Employer Greenhouse board","https://job-boards.greenhouse.io/gitlab/jobs/8490477002","2026-06-05","Check listing","Not listed","backend|testing|git|software|Excel","Software & QA title aligns with the target job families.|Resume overlap: backend, testing, git, software.|Technical overlap: Excel.|Explicit USA-remote listing appears compatible with living in New Orleans.","Advanced title may require deeper specialized experience."
"419","gh-gitlab-8490129002","Staff HRIS Analyst, People Technology - Workday","GitLab","Remote, US","Remote","Data & Analytics","56","Stretch","Employer Greenhouse board","https://job-boards.greenhouse.io/gitlab/jobs/8490129002","2026-06-05","Check listing","Not listed","dashboard|reporting|dashboards","Data & Analytics title aligns with the target job families.|Resume overlap: dashboard, reporting.|Technical overlap: dashboards.|Explicit USA-remote listing appears compatible with living in New Orleans.","Advanced title may require deeper specialized experience."
"420","gh-grafanalabs-6013354004","Staff Software Engineer - Platform, SysEng | USA | Remote","Grafana Labs","United States (Remote)","Remote","Cloud & Infrastructure","56","Stretch","Employer Greenhouse board","https://job-boards.greenhouse.io/grafanalabs/jobs/6013354004","2026-06-09","Check listing","Not listed","cloud|infrastructure|api|monitoring|security|Python|Excel|dashboards","Cloud & Infrastructure title aligns with the target job families.|Resume overlap: cloud, infrastructure, api, monitoring, security.|Technical overlap: Python, Excel, dashboards.|Explicit USA-remote listing appears compatible with living in New Orleans.","Advanced title may require deeper specialized experience."
"421","gh-grafanalabs-6002442004","Director, Product Management - Data Collection, Transformation, and Ingest | US | Remote","Grafana Labs","United States (Remote)","Remote","Data & Analytics","56","Stretch","Employer Greenhouse board","https://job-boards.greenhouse.io/grafanalabs/jobs/6002442004","2026-05-28","Check listing","$263,065 - $315,678","excel|analytics|database|metrics|Excel","Data & Analytics title aligns with the target job families.|Resume overlap: excel, analytics, database, metrics.|Technical overlap: Excel.|Explicit USA-remote listing appears compatible with living in New Orleans.","Advanced title may require deeper specialized experience."
"422","gh-grafanalabs-5988484004","Staff Backend Engineer - Grafana App Platform | US | Remote","Grafana Labs","United States (Remote)","Remote","Cloud & Infrastructure","56","Stretch","Employer Greenhouse board","https://job-boards.greenhouse.io/grafanalabs/jobs/5988484004","2026-05-13","Check listing","$174,986 - $209,983","cloud|api|security|Excel|dashboards","Cloud & Infrastructure title aligns with the target job families.|Resume overlap: cloud, api, security.|Technical overlap: Excel, dashboards.|Explicit USA-remote listing appears compatible with living in New Orleans.","Advanced title may require deeper specialized experience."
"423","gh-instacart-7989243","Senior Manager, IT PMO & Corporate Engineering","Instacart","United States - Remote","Remote","IT & Systems","56","Stretch","Employer Greenhouse board","https://instacart.careers/job/?gh_jid=7989243","2026-06-08","Check listing","Not listed","support|systems|Python|SQL|Excel|PowerShell|REST APIs|dashboards|automation","IT & Systems title aligns with the target job families.|Resume overlap: support, systems.|Technical overlap: Python, SQL, Excel, PowerShell, REST APIs, dashboards.|Explicit USA-remote listing appears compatible with living in New Orleans.","Posting references up to 8 years of experience.|Management or architecture scope may be a stretch."
"424","gh-reddit-7772274","Senior Staff Machine Learning Engineer, GenAI Platform","Reddit","Remote - United States","Remote","Cloud & Infrastructure","56","Stretch","Employer Greenhouse board","https://job-boards.greenhouse.io/reddit/jobs/7772274","2026-05-14","Check listing","Not listed","aws|google cloud|cloud|infrastructure|api|monitoring|Python|Excel|AWS|Google Cloud","Cloud & Infrastructure title aligns with the target job families.|Resume overlap: aws, google cloud, cloud, infrastructure, api.|Technical overlap: Python, Excel, AWS, Google Cloud.|Explicit USA-remote listing appears compatible with living in New Orleans.","Posting references up to 10 years of experience.|Advanced title may require deeper specialized experience."
"425","gh-samsara-7555287","Manager II Sales Operations","Samsara","Remote - US","Remote","Operations & Process","56","Stretch","Employer Greenhouse board","https://www.samsara.com/company/careers/roles/7555287?gh_jid=7555287","2026-06-11","Check listing","Not listed","operations|process|workflow|efficiency|reporting|Excel","Operations & Process title aligns with the target job families.|Resume overlap: operations, process, workflow, efficiency, reporting.|Technical overlap: Excel.|Explicit USA-remote listing appears compatible with living in New Orleans.","Posting references up to 8 years of experience.|Management or architecture scope may be a stretch."
"426","jobicy-146326","Customer Success Architect","Sigma Computing","USA - Remote","Remote","Customer & Implementation","56","Stretch","Jobicy","https://jobicy.com/jobs/146326-customer-success-architect-2","2026-06-12","Full-Time","Not listed","customer|implementation|support|service|Python|Java|JavaScript|SQL","Customer & Implementation title aligns with the target job families.|Resume overlap: customer, implementation, support, service.|Technical overlap: Python, Java, JavaScript, SQL.|Explicit USA-remote listing appears compatible with living in New Orleans.","Posting references up to 10 years of experience.|Management or architecture scope may be a stretch."
"427","gh-smartsheet-7951990","Director, Analytics Engineering & BI Platform (Remote Eligible)","Smartsheet","-REMOTE, USA-","Remote","Data & Analytics","56","Stretch","Employer Greenhouse board","https://job-boards.greenhouse.io/smartsheet/jobs/7951990","2026-06-12","Check listing","Not listed","sql|reporting|analytics|data model|metrics|insights|Python|SQL|AWS|CRM","Data & Analytics title aligns with the target job families.|Resume overlap: sql, reporting, analytics, data model, metrics.|Technical overlap: Python, SQL, AWS, CRM, data modeling, automation.|Explicit USA-remote listing appears compatible with living in New Orleans.","Posting references up to 20 years of experience.|Advanced title may require deeper specialized experience."
"428","gh-stripe-6651889","Product Manager, Infrastructure","Stripe","Remote in the US","Remote","Cloud & Infrastructure","56","Stretch","Employer Greenhouse board","https://stripe.com/jobs/search?gh_jid=6651889","2026-06-09","Check listing","Not listed","infrastructure|api|Excel|dashboards","Cloud & Infrastructure title aligns with the target job families.|Resume overlap: infrastructure, api.|Technical overlap: Excel, dashboards.|Explicit USA-remote listing appears compatible with living in New Orleans.","Posting references up to 7 years of experience.|Management or architecture scope may be a stretch."
"429","gh-stripe-7778643","Technical Program Manager, Extensibility Programs","Stripe","Remote in the US, Chicago, Atlanta","Remote","Project & Program","56","Stretch","Employer Greenhouse board","https://stripe.com/jobs/search?gh_jid=7778643","2026-06-05","Check listing","Not listed","program|workflow|delivery","Project & Program title aligns with the target job families.|Resume overlap: program, workflow, delivery.|Explicit USA-remote listing appears compatible with living in New Orleans.","Posting references up to 5 years of experience.|Management or architecture scope may be a stretch."
"430","gh-twilio-7551660","Staff Analytics Engineer","Twilio","Remote - US","Remote","Data & Analytics","56","Stretch","Employer Greenhouse board","https://job-boards.greenhouse.io/twilio/jobs/7551660","2026-06-12","Check listing","$155,520 - $194,400","sql|dashboard|reporting|analytics|data model|metrics|Python|SQL|AWS|data modeling","Data & Analytics title aligns with the target job families.|Resume overlap: sql, dashboard, reporting, analytics, data model.|Technical overlap: Python, SQL, AWS, data modeling, dashboards.|Explicit USA-remote listing appears compatible with living in New Orleans.","Posting references up to 6 years of experience.|Advanced title may require deeper specialized experience."
"431","gh-twilio-7821458","Staff Data Scientist","Twilio","Remote - US","Remote","Data & Analytics","56","Stretch","Employer Greenhouse board","https://job-boards.greenhouse.io/twilio/jobs/7821458","2026-06-12","Check listing","Not listed","sql|dashboard|analytics|metrics|insights|Python|SQL|CRM|dashboards","Data & Analytics title aligns with the target job families.|Resume overlap: sql, dashboard, analytics, metrics, insights.|Technical overlap: Python, SQL, CRM, dashboards.|Explicit USA-remote listing appears compatible with living in New Orleans.","Posting references up to 7 years of experience.|Advanced title may require deeper specialized experience."
"432","jobicy-146381","Service Delivery Manager – D2Ops","World Wide Technology","USA - Remote","Remote","Project & Program","56","Stretch","Jobicy","https://jobicy.com/jobs/146381-service-delivery-manager-d2ops","2026-06-13","Full-Time","USD 85000-100000 yearly","project|program|process|documentation|delivery|Excel|SharePoint","Project & Program title aligns with the target job families.|Resume overlap: project, program, process, documentation, delivery.|Technical overlap: Excel, SharePoint.|Explicit USA-remote listing appears compatible with living in New Orleans.","Posting references up to 14 years of experience.|Management or architecture scope may be a stretch."
"433","gh-affirm-7717899003","Strategic Finance Lead (Revenue)","Affirm","Remote US","Remote","Data & Analytics","55","Stretch","Employer Greenhouse board","https://job-boards.greenhouse.io/affirm/jobs/7717899003","2026-06-03","Check listing","$145,000 - $205,000","sql|excel|dashboard|reporting|analytics|metrics|insights|Python|SQL|Excel","Responsibilities include transferable data & analytics work.|Resume overlap: sql, excel, dashboard, reporting, analytics.|Technical overlap: Python, SQL, Excel, dashboards.|Explicit USA-remote listing appears compatible with living in New Orleans.","Posting references up to 5 years of experience.|Senior or lead scope should be checked against the required years."
"434","jobicy-146256","Payroll Tax Associate","Forvis","USA - Remote","Remote","Project & Program","55","Stretch","Jobicy","https://jobicy.com/jobs/146256-payroll-tax-associate","2026-06-12","Full-Time","Not listed","program|stakeholder|process|documentation|Excel","Responsibilities include transferable project & program work.|Resume overlap: program, stakeholder, process, documentation.|Technical overlap: Excel.|Seniority appears compatible with early-career graduate experience.","Posting references up to 5 years of experience."
"435","gh-instacart-7951041","Senior Software Engineer II, AI Labs & Foundations","Instacart","United States - Remote","Remote","Software & QA","55","Stretch","Employer Greenhouse board","https://instacart.careers/job/?gh_jid=7951041","2026-05-29","Check listing","Not listed","testing|software|Excel|AWS","Software & QA title aligns with the target job families.|Resume overlap: testing, software.|Technical overlap: Excel, AWS.|Explicit USA-remote listing appears compatible with living in New Orleans.","Posting references up to 8 years of experience.|Senior or lead scope should be checked against the required years."
"436","gh-instacart-7838936","Staff Software Engineer, Shopper Activation & Engagement","Instacart","United States - Remote","Remote","Software & QA","55","Stretch","Employer Greenhouse board","https://instacart.careers/job/?gh_jid=7838936","2026-05-18","Check listing","Not listed","python|java|backend|automation|software|Python|Java|Excel|AWS","Software & QA title aligns with the target job families.|Resume overlap: python, java, backend, automation, software.|Technical overlap: Python, Java, Excel, AWS, automation.|Explicit USA-remote listing appears compatible with living in New Orleans.","Posting references up to 10 years of experience.|Advanced title may require deeper specialized experience."
"437","gh-reddit-7954598","Senior Business Engineer - Ads","Reddit","Remote - United States","Remote","Software & QA","55","Stretch","Employer Greenhouse board","https://job-boards.greenhouse.io/reddit/jobs/7954598","2026-06-15","Check listing","Not listed","python|java|javascript|rest api|backend|testing|software|Python|Java|JavaScript","Responsibilities include transferable software & qa work.|Resume overlap: python, java, javascript, rest api, backend.|Technical overlap: Python, Java, JavaScript, REST APIs.|Explicit USA-remote listing appears compatible with living in New Orleans.","Posting references up to 5 years of experience.|Senior or lead scope should be checked against the required years."
"438","gh-reddit-8004045","Staff Software Engineer - Content Platform","Reddit","Remote - United States","Remote","Software & QA","55","Stretch","Employer Greenhouse board","https://job-boards.greenhouse.io/reddit/jobs/8004045","2026-06-12","Check listing","Not listed","python|java|backend|software|Python|Java","Software & QA title aligns with the target job families.|Resume overlap: python, java, backend, software.|Technical overlap: Python, Java.|Explicit USA-remote listing appears compatible with living in New Orleans.","Posting references up to 7 years of experience.|Advanced title may require deeper specialized experience."
"439","gh-reddit-7944159","Principal Technical Program Manager, Developer Productivity","Reddit","Remote - United States","Remote","Project & Program","55","Stretch","Employer Greenhouse board","https://job-boards.greenhouse.io/reddit/jobs/7944159","2026-06-02","Check listing","Not listed","project|program|stakeholder|workflow|process|documentation|delivery|automation","Project & Program title aligns with the target job families.|Resume overlap: project, program, stakeholder, workflow, process.|Technical overlap: automation.|Explicit USA-remote listing appears compatible with living in New Orleans.","Posting references up to 14 years of experience.|Advanced title may require deeper specialized experience."
"440","gh-smartsheet-7849785","Senior Software Engineer II - Applied AI (Remote Eligible)","Smartsheet","-REMOTE, USA-","Remote","Software & QA","55","Stretch","Employer Greenhouse board","https://job-boards.greenhouse.io/smartsheet/jobs/7849785","2026-06-12","Check listing","Not listed","python|software|Python|AWS","Software & QA title aligns with the target job families.|Resume overlap: python, software.|Technical overlap: Python, AWS.|Explicit USA-remote listing appears compatible with living in New Orleans.","Posting references up to 20 years of experience.|Senior or lead scope should be checked against the required years."
"441","gh-smartsheet-7782945","Senior Software Engineer II - Applied AI and Evaluations (Remote Eligible)","Smartsheet","-REMOTE, USA-","Remote","Software & QA","55","Stretch","Employer Greenhouse board","https://job-boards.greenhouse.io/smartsheet/jobs/7782945","2026-06-12","Check listing","Not listed","python|software|Python|AWS","Software & QA title aligns with the target job families.|Resume overlap: python, software.|Technical overlap: Python, AWS.|Explicit USA-remote listing appears compatible with living in New Orleans.","Posting references up to 20 years of experience.|Senior or lead scope should be checked against the required years."
"442","gh-stripe-8004035","Copy Editor","Stripe","US Remote","Remote","Content & Creative Technology","55","Stretch","Employer Greenhouse board","https://stripe.com/jobs/search?gh_jid=8004035","2026-06-12","Check listing","Not listed","content|editorial|video|media|communications|creative|Excel","Responsibilities include transferable content & creative technology work.|Resume overlap: content, editorial, video, media, communications.|Technical overlap: Excel.|Explicit USA-remote listing appears compatible with living in New Orleans.","Posting references up to 5 years of experience."
"443","gh-gitlab-8535048002","Manager, Security Incident Response Team (USA)","GitLab","Remote, US","Remote","Project & Program","54","Stretch","Employer Greenhouse board","https://job-boards.greenhouse.io/gitlab/jobs/8535048002","2026-06-05","Check listing","Not listed","project|program|workflow|process|coordination|delivery|Excel|AWS|automation","Responsibilities include transferable project & program work.|Resume overlap: project, program, workflow, process, coordination.|Technical overlap: Excel, AWS, automation.|Explicit USA-remote listing appears compatible with living in New Orleans.","Management or architecture scope may be a stretch."
"444","jobicy-146425","Principal Strategist, Leased Data Center Operations","Meta","USA - Remote","Remote","Operations & Process","54","Stretch","Jobicy","https://jobicy.com/jobs/146425-principal-strategist-leased-data-center-operations","2026-06-13","Full-Time","Not listed","operations|planning|continuous improvement","Operations & Process title aligns with the target job families.|Resume overlap: operations, planning, continuous improvement.|Explicit USA-remote listing appears compatible with living in New Orleans.","Advanced title may require deeper specialized experience."
"445","gh-samsara-7266435","Manager, Software Engineering - Mobile Platform","Samsara","Remote - US","Remote","Cloud & Infrastructure","54","Stretch","Employer Greenhouse board","https://www.samsara.com/company/careers/roles/7266435?gh_jid=7266435","2026-06-11","Check listing","Not listed","cloud|infrastructure|api|monitoring|Excel|dashboards","Cloud & Infrastructure title aligns with the target job families.|Resume overlap: cloud, infrastructure, api, monitoring.|Technical overlap: Excel, dashboards.|Explicit USA-remote listing appears compatible with living in New Orleans.","Posting references up to 8 years of experience.|Management or architecture scope may be a stretch."
"446","gh-stripe-7685049","Deal Pricing","Stripe","US-Remote","Remote","Data & Analytics","54","Stretch","Employer Greenhouse board","https://stripe.com/jobs/search?gh_jid=7685049","2026-06-05","Check listing","Not listed","sql|excel|insights|SQL|Excel","Responsibilities include transferable data & analytics work.|Resume overlap: sql, excel, insights.|Technical overlap: SQL, Excel.|Explicit USA-remote listing appears compatible with living in New Orleans.","Posting references up to 3 years of experience; compare the exact requirement."
"447","gh-twilio-7664688","Senior Product Marketing Manager, Data","Twilio","Remote - US","Remote","Data & Analytics","54","Stretch","Employer Greenhouse board","https://job-boards.greenhouse.io/twilio/jobs/7664688","2026-06-12","Check listing","$128,560 - $160,700","excel|insights|Excel","Data & Analytics title aligns with the target job families.|Resume overlap: excel, insights.|Technical overlap: Excel.|Explicit USA-remote listing appears compatible with living in New Orleans.","Posting references up to 5 years of experience.|Management or architecture scope may be a stretch."
"448","gh-launchdarkly-7767264003","Full Stack Engineer, Foundation","LaunchDarkly","Remote - US","Remote","Customer & Implementation","53","Stretch","Employer Greenhouse board","https://job-boards.greenhouse.io/launchdarkly/jobs/7767264003","2026-06-09","Check listing","$171,200 - $235,400","customer|implementation|onboarding|support|communication|adoption","Responsibilities include transferable customer & implementation work.|Resume overlap: customer, implementation, onboarding, support, communication.|Explicit USA-remote listing appears compatible with living in New Orleans.","Posting references up to 5 years of experience."
"449","gh-launchdarkly-7694211003","Full Stack Engineer, Guarded Releases","LaunchDarkly","Remote - US","Remote","Data & Analytics","53","Stretch","Employer Greenhouse board","https://job-boards.greenhouse.io/launchdarkly/jobs/7694211003","2026-04-29","Check listing","$136,500 - $187,660","excel|dashboard|analytics|metrics|insights|Excel|dashboards","Responsibilities include transferable data & analytics work.|Resume overlap: excel, dashboard, analytics, metrics, insights.|Technical overlap: Excel, dashboards.|Explicit USA-remote listing appears compatible with living in New Orleans.","Posting references up to 5 years of experience."
"450","jobicy-146423","Support Technician","ManTech","USA - Remote","Remote","IT & Systems","53","Stretch","Jobicy","https://jobicy.com/jobs/146423-support-technician-2","2026-06-13","Full-Time","Not listed","active directory|permissions|support|systems|documentation|troubleshoot|Active Directory","Responsibilities include transferable it & systems work.|Resume overlap: active directory, permissions, support, systems, documentation.|Technical overlap: Active Directory.|Explicit USA-remote listing appears compatible with living in New Orleans.","Posting references up to 6 years of experience."
"451","gh-samsara-7491153","AI Engineer","Samsara","Remote - US","Remote","Software & QA","53","Stretch","Employer Greenhouse board","https://www.samsara.com/company/careers/roles/7491153?gh_jid=7491153","2026-06-11","Check listing","Not listed","python|backend|testing|git|software|Python|Excel","Responsibilities include transferable software & qa work.|Resume overlap: python, backend, testing, git, software.|Technical overlap: Python, Excel.|Explicit USA-remote listing appears compatible with living in New Orleans.","Posting references up to 5 years of experience."
"452","remotive-2090989","Assistant Account Payable","The Obesity Society","USA - Remote","Remote","Operations & Process","53","Stretch","Remotive","https://remotive.com/remote-jobs/medical/assistant-account-payable-2090989","2026-06-12","full_time","Not listed","operations|process|Excel","Responsibilities include transferable operations & process work.|Resume overlap: operations, process.|Technical overlap: Excel.|Explicit USA-remote listing appears compatible with living in New Orleans.","Verify exact years, degree requirements, and state eligibility on the live application."
"453","gh-coinbase-7952032","Paralegal, Litigation","Coinbase","Remote - USA","Remote","Operations & Process","51","Stretch","Employer Greenhouse board","https://www.coinbase.com/careers/positions/7952032?gh_jid=7952032","2026-06-10","Check listing","Not listed","process|workflow|efficiency|quality|coordination|AWS","Responsibilities include transferable operations & process work.|Resume overlap: process, workflow, efficiency, quality, coordination.|Technical overlap: AWS.|Explicit USA-remote listing appears compatible with living in New Orleans.","Posting references up to 6 years of experience."
"454","gh-grafanalabs-5841147004","Partner Solutions Engineer | East Coast | Remote","Grafana Labs","United States (Remote)","Remote","Customer & Implementation","51","Stretch","Employer Greenhouse board","https://job-boards.greenhouse.io/grafanalabs/jobs/5841147004","2026-05-29","Check listing","$204,000 - $244,000","customer|onboarding|support|communication|training|Excel","Responsibilities include transferable customer & implementation work.|Resume overlap: customer, onboarding, support, communication, training.|Technical overlap: Excel.|Explicit USA-remote listing appears compatible with living in New Orleans.","Posting references up to 6 years of experience."
"455","remotive-1185979","Freelance Writer","IAPWE","Worldwide - Remote","Remote","Content & Creative Technology","51","Stretch","Remotive","https://remotive.com/remote-jobs/writing/freelance-writer-1185979","2026-06-04","freelance","$50-$75 /hour","content|editorial","Responsibilities include transferable content & creative technology work.|Resume overlap: content, editorial.|Explicit USA-remote listing appears compatible with living in New Orleans.","Verify exact years, degree requirements, and state eligibility on the live application."
"456","gh-launchdarkly-7750105003","Full Stack Engineer, Observability","LaunchDarkly","Remote - US","Remote","Customer & Implementation","51","Stretch","Employer Greenhouse board","https://job-boards.greenhouse.io/launchdarkly/jobs/7750105003","2026-05-29","Check listing","$171,200 - $235,400","customer|support|communication|adoption|service|dashboards","Responsibilities include transferable customer & implementation work.|Resume overlap: customer, support, communication, adoption, service.|Technical overlap: dashboards.|Explicit USA-remote listing appears compatible with living in New Orleans.","Posting references up to 5 years of experience."
"457","gh-launchdarkly-7750116003","Full Stack Engineer, AgentControl","LaunchDarkly","Remote - US","Remote","Cloud & Infrastructure","51","Stretch","Employer Greenhouse board","https://job-boards.greenhouse.io/launchdarkly/jobs/7750116003","2026-05-27","Check listing","$171,200 - $235,400","aws|google cloud|cloud|api|Python|AWS|Google Cloud","Responsibilities include transferable cloud & infrastructure work.|Resume overlap: aws, google cloud, cloud, api.|Technical overlap: Python, AWS, Google Cloud.|Explicit USA-remote listing appears compatible with living in New Orleans.","Posting references up to 5 years of experience."
"458","gh-stripe-7923191","Security Engineer","Stripe","South San Francisco, CA and US-Remote","Remote","Cloud & Infrastructure","51","Stretch","Employer Greenhouse board","https://stripe.com/jobs/search?gh_jid=7923191","2026-06-05","Check listing","$194,251 - $268,400","aws|azure|infrastructure|security|AWS|Azure|automation","Responsibilities include transferable cloud & infrastructure work.|Resume overlap: aws, azure, infrastructure, security.|Technical overlap: AWS, Azure, automation.|Explicit USA-remote listing appears compatible with living in New Orleans.","Posting references up to 5 years of experience."
"459","gh-vercel-5709080004","Design Engineer","Vercel","Remote - United States","Remote","Project & Program","51","Stretch","Employer Greenhouse board","https://job-boards.greenhouse.io/vercel/jobs/5709080004","2026-06-01","Check listing","$196,000-$294,000","project|program|implementation|workflow|process|Excel","Responsibilities include transferable project & program work.|Resume overlap: project, program, implementation, workflow, process.|Technical overlap: Excel.|Explicit USA-remote listing appears compatible with living in New Orleans.","Posting references up to 5 years of experience."
"460","jobicy-146376","Sales Solutions Engineer – Healthcare","Experian","USA - Remote","Remote","Customer & Implementation","49","Stretch","Jobicy","https://jobicy.com/jobs/146376-sales-solutions-engineer-healthcare","2026-06-13","Full-Time","Not listed","client|implementation|support|training|service|Excel","Responsibilities include transferable customer & implementation work.|Resume overlap: client, implementation, support, training, service.|Technical overlap: Excel.|Explicit USA-remote listing appears compatible with living in New Orleans.","Posting references up to 5 years of experience."
"461","jobicy-146128","Electronics Engineer","ManTech","USA - Remote","Remote","Project & Program","49","Stretch","Jobicy","https://jobicy.com/jobs/146128-electronics-engineer-2","2026-06-10","Full-Time","USD 70200-117000 yearly","project|program|implementation|process|coordination|Excel","Responsibilities include transferable project & program work.|Resume overlap: project, program, implementation, process, coordination.|Technical overlap: Excel.|Explicit USA-remote listing appears compatible with living in New Orleans.","Posting references up to 5 years of experience."
"462","gh-stripe-7594866","Risk Strategist, User Risk Strategy","Stripe","Chicago, SEA, SF, NYC, US-Remote","Remote","Customer & Implementation","49","Stretch","Employer Greenhouse board","https://stripe.com/jobs/search?gh_jid=7594866","2026-06-05","Check listing","Not listed","client|onboarding|support|communication|service","Responsibilities include transferable customer & implementation work.|Resume overlap: client, onboarding, support, communication, service.|Explicit USA-remote listing appears compatible with living in New Orleans.","Posting references up to 5 years of experience."
"463","gh-vercel-5732855004","Site Engineer","Vercel","Remote - United States","Remote","Software & QA","49","Stretch","Employer Greenhouse board","https://job-boards.greenhouse.io/vercel/jobs/5732855004","2026-06-01","Check listing","$196,000 - $294,000","java|javascript|testing|software|Java|JavaScript","Responsibilities include transferable software & qa work.|Resume overlap: java, javascript, testing, software.|Technical overlap: Java, JavaScript.|Explicit USA-remote listing appears compatible with living in New Orleans.","Posting references up to 5 years of experience."
"464","jobicy-146379","Advisor","World Wide Technology","USA - Remote","Remote","Project & Program","49","Stretch","Jobicy","https://jobicy.com/jobs/146379-advisor","2026-06-13","Full-Time","USD 102000-150000 yearly","project|program|process|documentation|delivery|automation","Responsibilities include transferable project & program work.|Resume overlap: project, program, process, documentation, delivery.|Technical overlap: automation.|Explicit USA-remote listing appears compatible with living in New Orleans.","Posting references up to 5 years of experience."
"465","ochsner-96261343504","Environmental Services Aide - 4:00pm-12:30am","Ochsner Health","New Orleans, LA","New Orleans","Customer & Implementation","48","Stretch","Ochsner Health careers","https://careers.ochsner.org/job/new-orleans/environmental-services-aide-4-00pm-12-30am/47519/96261343504","","Full-time","Not listed","service","Responsibilities include transferable customer & implementation work.|Resume overlap: service.|In-person location is New Orleans.","Verify exact years, degree requirements, and state eligibility on the live application."
"466","ochsner-96261343440","Environmental Services Aide (EVS Aide) - OMC, Jeff Hwy - Surgery","Ochsner Health","New Orleans, LA","New Orleans","Customer & Implementation","48","Stretch","Ochsner Health careers","https://careers.ochsner.org/job/new-orleans/environmental-services-aide-evs-aide-omc-jeff-hwy-surgery/47519/96261343440","","Full-time","Not listed","service","Responsibilities include transferable customer & implementation work.|Resume overlap: service.|In-person location is New Orleans.","Verify exact years, degree requirements, and state eligibility on the live application."
"467","ochsner-96261343472","Environmental Services Aide, Procedural, 3:00pm-11:30pm","Ochsner Health","New Orleans, LA","New Orleans","Customer & Implementation","48","Stretch","Ochsner Health careers","https://careers.ochsner.org/job/new-orleans/environmental-services-aide-procedural-3-00pm-11-30pm/47519/96261343472","","Full-time","Not listed","service","Responsibilities include transferable customer & implementation work.|Resume overlap: service.|In-person location is New Orleans.","Verify exact years, degree requirements, and state eligibility on the live application."
"468","ochsner-96261321504","Security Officer Unarmed - Baptist - Day Shift","Ochsner Health","New Orleans, LA","New Orleans","Cloud & Infrastructure","48","Stretch","Ochsner Health careers","https://careers.ochsner.org/job/new-orleans/security-officer-unarmed-baptist-day-shift/47519/96261321504","","Full-time","Not listed","security","Responsibilities include transferable cloud & infrastructure work.|Resume overlap: security.|In-person location is New Orleans.","Verify exact years, degree requirements, and state eligibility on the live application."
"469","tulane-245","Parking Services Attendant","Tulane University","New Orleans, LA, United States","New Orleans","Customer & Implementation","48","Stretch","Tulane University careers","https://tulane-ibqejb.fa.ocs.oraclecloud.com/hcmUI/CandidateExperience/en/sites/CX_1/job/245","2026-05-06","Check listing","Not listed","service","Responsibilities include transferable customer & implementation work.|Resume overlap: service.|In-person location is New Orleans.","Verify exact years, degree requirements, and state eligibility on the live application."
"470","tulane-221","Professional Services Coder II, PRN","Tulane University","New Orleans, LA, United States","New Orleans","Customer & Implementation","48","Stretch","Tulane University careers","https://tulane-ibqejb.fa.ocs.oraclecloud.com/hcmUI/CandidateExperience/en/sites/CX_1/job/221","2026-04-23","Check listing","Not listed","service","Responsibilities include transferable customer & implementation work.|Resume overlap: service.|In-person location is New Orleans.","Verify exact years, degree requirements, and state eligibility on the live application."
"471","tulane-519","Cage Processing Technician I","Tulane University","New Orleans, LA, United States","New Orleans","Project & Program","48","Stretch","Tulane University careers","https://tulane-ibqejb.fa.ocs.oraclecloud.com/hcmUI/CandidateExperience/en/sites/CX_1/job/519","2026-04-21","On-site","Not listed","process","Responsibilities include transferable project & program work.|Resume overlap: process.|In-person location is New Orleans.","Verify exact years, degree requirements, and state eligibility on the live application."
"472","gh-launchdarkly-7761616003","Full Stack Engineer, Guardian Monitoring","LaunchDarkly","Remote - US","Remote","Software & QA","47","Stretch","Employer Greenhouse board","https://job-boards.greenhouse.io/launchdarkly/jobs/7761616003","2026-06-02","Check listing","$171,200 - $235,400","backend|automation|git|software","Responsibilities include transferable software & qa work.|Resume overlap: backend, automation, git, software.|Technical overlap: automation.|Explicit USA-remote listing appears compatible with living in New Orleans.","Posting references up to 5 years of experience."
"473","jobicy-146194","Electrical Engineer","ManTech","USA - Remote","Remote","Project & Program","47","Stretch","Jobicy","https://jobicy.com/jobs/146194-electrical-engineer","2026-06-11","Full-Time","USD 70200-117000 yearly","project|program|stakeholder|coordination|Excel|automation","Responsibilities include transferable project & program work.|Resume overlap: project, program, stakeholder, coordination.|Technical overlap: Excel, automation.|Explicit USA-remote listing appears compatible with living in New Orleans.","Posting references up to 5 years of experience."
"474","jobicy-146125","Naval Ship Design Engineer","ManTech","USA - Remote","Remote","Project & Program","47","Stretch","Jobicy","https://jobicy.com/jobs/146125-naval-ship-design-engineer","2026-06-10","Full-Time","USD 70200-117000 yearly","project|program|process|documentation|coordination","Responsibilities include transferable project & program work.|Resume overlap: project, program, process, documentation, coordination.|Explicit USA-remote listing appears compatible with living in New Orleans.","Posting references up to 7 years of experience."
"475","gh-stripe-7874862","Risk Strategist - Screening (Financial Crimes)","Stripe","US-Chicago; US-Atlanta; US-Remote; Canada-Toronto; Canada-Remote","Remote","Data & Analytics","47","Stretch","Employer Greenhouse board","https://stripe.com/jobs/search?gh_jid=7874862","2026-06-08","Check listing","Not listed","sql|analytics|metrics|insights|SQL","Responsibilities include transferable data & analytics work.|Resume overlap: sql, analytics, metrics, insights.|Technical overlap: SQL.|Explicit USA-remote listing appears compatible with living in New Orleans.","Posting references up to 7 years of experience."
"476","gh-stripe-7859849","Compensation Business Partner, Core","Stripe","US-Remote (35 miles+ outside an office)","Remote","Customer & Implementation","47","Stretch","Employer Greenhouse board","https://stripe.com/jobs/search?gh_jid=7859849","2026-05-20","Check listing","Not listed","customer|implementation|support|service|Excel","Responsibilities include transferable customer & implementation work.|Resume overlap: customer, implementation, support, service.|Technical overlap: Excel.|Explicit USA-remote listing appears compatible with living in New Orleans.","Posting references up to 5 years of experience."
"477","jobicy-146550","Sales Engineer (Application Security)","Thales","USA - Remote","Remote","Cloud & Infrastructure","47","Stretch","Jobicy","https://jobicy.com/jobs/146550-sales-engineer-application-security","2026-06-15","Full-Time","Not listed","aws|azure|api|security|AWS|Azure","Responsibilities include transferable cloud & infrastructure work.|Resume overlap: aws, azure, api, security.|Technical overlap: AWS, Azure.|Explicit USA-remote listing appears compatible with living in New Orleans.","Posting references up to 5 years of experience."
"478","gh-gitlab-8537853002","Distinguished Engineer, Agentic SDLC & Non‑Linear Productivity","GitLab","Remote, Canada; Remote, US","Remote","Operations & Process","45","Stretch","Employer Greenhouse board","https://job-boards.greenhouse.io/gitlab/jobs/8537853002","2026-06-05","Check listing","Not listed","operations|process|workflow|efficiency|quality|planning|Excel","Responsibilities include transferable operations & process work.|Resume overlap: operations, process, workflow, efficiency, quality.|Technical overlap: Excel.|Explicit USA-remote listing appears compatible with living in New Orleans.","Posting references up to 10 years of experience."
"479","jobicy-146555","Legal Innovation Partner","NetDocuments","USA - Remote","Remote","Customer & Implementation","45","Stretch","Jobicy","https://jobicy.com/jobs/146555-legal-innovation-partner","2026-06-15","Full-Time","USD 190000-210000 yearly","customer|client|implementation|support|communication|adoption|Excel|AWS","Responsibilities include transferable customer & implementation work.|Resume overlap: customer, client, implementation, support, communication.|Technical overlap: Excel, AWS.|Explicit USA-remote listing appears compatible with living in New Orleans.","Posting references up to 8 years of experience."
"480","gh-stripe-7858811","Portfolio Pricing Strategist","Stripe","US-Remote","Remote","Project & Program","45","Stretch","Employer Greenhouse board","https://stripe.com/jobs/search?gh_jid=7858811","2026-06-05","Check listing","Not listed","stakeholder|process|timeline|SQL|Excel","Responsibilities include transferable project & program work.|Resume overlap: stakeholder, process, timeline.|Technical overlap: SQL, Excel.|Explicit USA-remote listing appears compatible with living in New Orleans.","Posting references up to 7 years of experience."
"481","jobicy-146211","Autodesk Civil 3D Designer","EquipmentShare","USA - Remote","Remote","Project & Program","44","Stretch","Jobicy","https://jobicy.com/jobs/146211-autodesk-civil-3d-designer","2026-06-11","Full-Time","Not listed","project|program","Responsibilities include transferable project & program work.|Resume overlap: project, program.|Explicit USA-remote listing appears compatible with living in New Orleans.","Posting references up to 3 years of experience; compare the exact requirement."
"482","jobicy-146192","Mechanical Engineer","ManTech","USA - Remote","Remote","IT & Systems","43","Stretch","Jobicy","https://jobicy.com/jobs/146192-mechanical-engineer","2026-06-11","Full-Time","USD 70200-117000 yearly","support|systems|documentation|Excel|technical documentation","Responsibilities include transferable it & systems work.|Resume overlap: support, systems, documentation.|Technical overlap: Excel, technical documentation.|Explicit USA-remote listing appears compatible with living in New Orleans.","Posting references up to 7 years of experience."
"483","gh-smartsheet-7974885","Commercial Solutions Engineer","Smartsheet","-REMOTE, USA-","Remote","Customer & Implementation","43","Stretch","Employer Greenhouse board","https://job-boards.greenhouse.io/smartsheet/jobs/7974885","2026-06-12","Check listing","Not listed","customer|client|support|communication|service|Excel|AWS","Responsibilities include transferable customer & implementation work.|Resume overlap: customer, client, support, communication, service.|Technical overlap: Excel, AWS.|Explicit USA-remote listing appears compatible with living in New Orleans.","Posting references up to 20 years of experience."
"484","gh-smartsheet-7774252","Solutions Engineer - Fed Gov","Smartsheet","-REMOTE, USA-","Remote","Customer & Implementation","43","Stretch","Employer Greenhouse board","https://job-boards.greenhouse.io/smartsheet/jobs/7774252","2026-06-12","Check listing","Not listed","customer|client|support|communication|service|Excel|AWS","Responsibilities include transferable customer & implementation work.|Resume overlap: customer, client, support, communication, service.|Technical overlap: Excel, AWS.|Explicit USA-remote listing appears compatible with living in New Orleans.","Posting references up to 20 years of experience."
"485","gh-smartsheet-7977085","Solutions Engineer - SLED","Smartsheet","-REMOTE, USA-","Remote","Customer & Implementation","43","Stretch","Employer Greenhouse board","https://job-boards.greenhouse.io/smartsheet/jobs/7977085","2026-06-12","Check listing","Not listed","customer|client|support|communication|service|Excel|AWS","Responsibilities include transferable customer & implementation work.|Resume overlap: customer, client, support, communication, service.|Technical overlap: Excel, AWS.|Explicit USA-remote listing appears compatible with living in New Orleans.","Posting references up to 20 years of experience."
"486","gh-stripe-8004054","Payments Performance Strategist, Card Authorization","Stripe","San Francisco, CA; Seattle, WA; Chicago, IL; New York, NY; Atlanta, GA; US-Remote","Remote","Data & Analytics","43","Stretch","Employer Greenhouse board","https://stripe.com/jobs/search?gh_jid=8004054","2026-06-15","Check listing","Not listed","sql|dashboard|reporting|SQL","Responsibilities include transferable data & analytics work.|Resume overlap: sql, dashboard, reporting.|Technical overlap: SQL.|Explicit USA-remote listing appears compatible with living in New Orleans.","Posting references up to 5 years of experience."
"487","gh-stripe-7950653","Indirect Tax (VAT/GST) Advisory Consultant","Stripe","NYC, SF, SEA, US Remote","Remote","Cloud & Infrastructure","43","Stretch","Employer Greenhouse board","https://stripe.com/jobs/search?gh_jid=7950653","2026-06-05","Check listing","Not listed","aws|infrastructure|api|AWS","Responsibilities include transferable cloud & infrastructure work.|Resume overlap: aws, infrastructure, api.|Technical overlap: AWS.|Explicit USA-remote listing appears compatible with living in New Orleans.","Posting references up to 6 years of experience."
"488","tulane-997","Research Technician III","Tulane University","New Orleans, LA, United States","Remote","Data & Analytics","43","Stretch","Tulane University careers","https://tulane-ibqejb.fa.ocs.oraclecloud.com/hcmUI/CandidateExperience/en/sites/CX_1/job/997","2026-06-03","Remote","Not listed","","Responsibilities include transferable data & analytics work.|Explicit USA-remote listing appears compatible with living in New Orleans.","Verify exact years, degree requirements, and state eligibility on the live application."
"489","gh-coinbase-7997879","HR Business Partner","Coinbase","Remote - USA","Remote","Operations & Process","41","Stretch","Employer Greenhouse board","https://www.coinbase.com/careers/positions/7997879?gh_jid=7997879","2026-06-12","Check listing","Not listed","operations|workflow|efficiency|quality|planning|AWS","Responsibilities include transferable operations & process work.|Resume overlap: operations, workflow, efficiency, quality, planning.|Technical overlap: AWS.|Explicit USA-remote listing appears compatible with living in New Orleans.","Posting references up to 8 years of experience."
"490","gh-instacart-7989205","Forward Deployed Engineer","Instacart","United States - Remote","Remote","Project & Program","41","Stretch","Employer Greenhouse board","https://instacart.careers/job/?gh_jid=7989205","2026-06-08","Check listing","Not listed","implementation|stakeholder|workflow|process|delivery|Python","Responsibilities include transferable project & program work.|Resume overlap: implementation, stakeholder, workflow, process, delivery.|Technical overlap: Python.|Explicit USA-remote listing appears compatible with living in New Orleans.","Posting references up to 10 years of experience."
"491","gh-instacart-7875516","AI Field Consultant","Instacart","United States - Remote","Remote","Customer & Implementation","41","Stretch","Employer Greenhouse board","https://instacart.careers/job/?gh_jid=7875516","2026-05-18","Check listing","Not listed","customer|communication|training|adoption|service|Power BI","Responsibilities include transferable customer & implementation work.|Resume overlap: customer, communication, training, adoption, service.|Technical overlap: Power BI.|Explicit USA-remote listing appears compatible with living in New Orleans.","Posting references up to 10 years of experience."
"492","jobicy-146126","Structural Engineer","ManTech","USA - Remote","Remote","Customer & Implementation","41","Stretch","Jobicy","https://jobicy.com/jobs/146126-structural-engineer","2026-06-10","Full-Time","USD 70200-117000 yearly","customer|client|support|Excel","Responsibilities include transferable customer & implementation work.|Resume overlap: customer, client, support.|Technical overlap: Excel.|Explicit USA-remote listing appears compatible with living in New Orleans.","Posting references up to 5 years of experience."
"493","gh-stripe-7977981","User Risk Strategist, Ecosystem Risk Strategy","Stripe","US-Chicago; US-Atlanta; US-Remote","Remote","Customer & Implementation","41","Stretch","Employer Greenhouse board","https://stripe.com/jobs/search?gh_jid=7977981","2026-06-08","Check listing","Not listed","customer|client|onboarding|support|service|SQL","Responsibilities include transferable customer & implementation work.|Resume overlap: customer, client, onboarding, support, service.|Technical overlap: SQL.|Explicit USA-remote listing appears compatible with living in New Orleans.","Posting references up to 8 years of experience."
"494","gh-stripe-7826765","Backend Engineer, AI Security","Stripe","New York, San Francisco, Seattle, or Remote (US/Canada)","Remote","Project & Program","41","Stretch","Employer Greenhouse board","https://stripe.com/jobs/search?gh_jid=7826765","2026-06-05","Check listing","Not listed","project|program|process","Responsibilities include transferable project & program work.|Resume overlap: project, program, process.|Explicit USA-remote listing appears compatible with living in New Orleans.","Posting references up to 5 years of experience."
"495","gh-stripe-7550951","Credit Risk Strategist, Risk Foundations","Stripe","Chicago, US-Remote, Toronto","Remote","Cloud & Infrastructure","41","Stretch","Employer Greenhouse board","https://stripe.com/jobs/search?gh_jid=7550951","2026-06-05","Check listing","Not listed","infrastructure|api|Python|SQL","Responsibilities include transferable cloud & infrastructure work.|Resume overlap: infrastructure, api.|Technical overlap: Python, SQL.|Explicit USA-remote listing appears compatible with living in New Orleans.","Posting references up to 5 years of experience."
"496","gh-stripe-7979885","Finance & Strategy Partner, Central Engineering","Stripe","Remote US, SF, SEA, NYC, CHI","Remote","Data & Analytics","39","Stretch","Employer Greenhouse board","https://stripe.com/jobs/search?gh_jid=7979885","2026-06-05","Check listing","Not listed","sql|dashboard|reporting|metrics|SQL|dashboards","Responsibilities include transferable data & analytics work.|Resume overlap: sql, dashboard, reporting, metrics.|Technical overlap: SQL, dashboards.|Explicit USA-remote listing appears compatible with living in New Orleans.","Posting references up to 9 years of experience."
"497","gh-stripe-6042172","Backend Engineer, Core Technology","Stripe","US-Remote, Chicago, Seattle, San Francisco","Remote","Project & Program","37","Stretch","Employer Greenhouse board","https://stripe.com/jobs/search?gh_jid=6042172","2026-06-05","Check listing","Not listed","project|program|stakeholder|process|Java","Responsibilities include transferable project & program work.|Resume overlap: project, program, stakeholder, process.|Technical overlap: Java.|Explicit USA-remote listing appears compatible with living in New Orleans.","Posting references up to 12 years of experience."
"498","gh-stripe-7091959","Fullstack Engineer, Privy","Stripe","NYC-Privy, US-Remote","Remote","Cloud & Infrastructure","37","Stretch","Employer Greenhouse board","https://stripe.com/jobs/search?gh_jid=7091959","2026-06-05","Check listing","Not listed","aws|infrastructure|api|security|AWS","Responsibilities include transferable cloud & infrastructure work.|Resume overlap: aws, infrastructure, api, security.|Technical overlap: AWS.|Explicit USA-remote listing appears compatible with living in New Orleans.","Posting references up to 8 years of experience."
"499","gh-twilio-7982859","Talent & Culture Partner, R&D","Twilio","Remote - US","Remote","Project & Program","37","Stretch","Employer Greenhouse board","https://job-boards.greenhouse.io/twilio/jobs/7982859","2026-06-12","Check listing","$155,520.00-$194,400.00","project|program|stakeholder|process|Excel","Responsibilities include transferable project & program work.|Resume overlap: project, program, stakeholder, process.|Technical overlap: Excel.|Explicit USA-remote listing appears compatible with living in New Orleans.","Posting references up to 10 years of experience."
"500","gh-stripe-7858723","Policy Development & Strategy","Stripe","US-Remote","Remote","Project & Program","31","Stretch","Employer Greenhouse board","https://stripe.com/jobs/search?gh_jid=7858723","2026-06-05","Check listing","Not listed","stakeholder|documentation|coordination","Responsibilities include transferable project & program work.|Resume overlap: stakeholder, documentation, coordination.|Explicit USA-remote listing appears compatible with living in New Orleans.","Posting references up to 8 years of experience."
